"","sample_1","sample_2","sample_3","sample_4","sample_5","sample_6","sample_7","sample_8","sample_9","sample_10"
"gene_1",19,55,24,0,0,0,0,0,120,0
"gene_2",21,1,103,0,0,0,32,2048,1832,60
"gene_3",0,3,21,0,1,1848,4972,52,0,104
"gene_4",8,0,0,0,0,4,552,16,0,0
"gene_5",0,394,2,0,0,0,444,0,1784,0
"gene_6",553,0,69,0,0,0,1432,0,772,0
"gene_7",38,0,0,0,102,16,0,0,192,4
"gene_8",0,11,22,85,0,0,112,0,0,0
"gene_9",0,0,5,0,146,144,528,20,0,0
"gene_10",1185,4,802,29,0,1088,0,48,0,0
"gene_11",134,0,4,0,482,0,520,0,24,592
"gene_12",0,0,0,5,0,212,0,4,80,936
"gene_13",23,693,44,49,0,536,40,332,4524,4308
"gene_14",32,0,530,75,15,0,0,16,0,916
"gene_15",50,0,533,63,17,560,0,4180,1968,8
"gene_16",5,0,651,68,6,0,540,8,236,3184
"gene_17",18,2,0,0,0,56,0,24,56,92
"gene_18",0,0,47,0,0,4,0,28,72,0
"gene_19",28,60,1397,0,0,0,0,1292,0,0
"gene_20",2,0,0,0,0,1000,680,12,0,0
"gene_21",19,89,0,0,0,16,0,0,64,0
"gene_22",71,0,0,28,31,224,0,0,4,0
"gene_23",12,30,17,1,0,1020,0,12,2112,1012
"gene_24",0,0,0,0,10,0,0,0,80,0
"gene_25",0,2,0,1,0,104,4,192,0,0
"gene_26",0,3,0,516,0,376,4,60,4,0
"gene_27",6,184,0,407,57,0,0,272,0,0
"gene_28",17,22,243,0,1231,0,0,0,1552,0
"gene_29",87,0,6,0,0,0,344,0,56,0
"gene_30",128,0,6,42,0,0,392,236,0,0
"gene_31",783,298,133,61,0,676,76,0,0,1004
"gene_32",122,0,5,0,10,2772,12,0,556,0
"gene_33",0,0,52,0,0,8,372,0,0,892
"gene_34",2,0,671,1,8,0,0,0,0,0
"gene_35",2,3,18,0,14,0,72,0,0,0
"gene_36",0,682,3,0,449,1280,40,0,924,0
"gene_37",1,12,0,0,18,332,12,0,984,0
"gene_38",10,0,0,1,3,0,0,0,0,4336
"gene_39",84,19,2,0,88,0,0,1268,784,8
"gene_40",0,672,0,480,0,28,0,0,0,0
"gene_41",113,0,14,439,776,0,8,0,0,0
"gene_42",5,17,0,3,0,500,60,0,2896,0
"gene_43",2,220,3,1,232,0,1208,4,0,36
"gene_44",1107,123,648,90,0,0,48,0,80,0
"gene_45",0,18,451,0,6,0,0,248,0,1164
"gene_46",3,550,39,367,0,12,3180,20,452,32
"gene_47",185,0,23,154,766,0,0,32,0,88
"gene_48",0,200,0,0,0,300,0,0,0,0
"gene_49",0,1,0,48,40,0,1456,160,0,4344
"gene_50",0,0,6,4,13,1040,0,0,964,0
"gene_51",0,0,0,0,0,0,0,52,72,5
"gene_52",0,0,0,4,523,0,0,1574,0,10
"gene_53",753,32,41,0,0,0,0,13,0,0
"gene_54",0,149,0,0,558,0,1,0,0,0
"gene_55",3,113,462,300,0,8,4,3,0,0
"gene_56",42,0,0,16,0,0,135,0,0,197
"gene_57",1,0,451,0,15,2,0,0,7,0
"gene_58",0,0,45,0,0,0,0,9,160,0
"gene_59",1,0,1,2,16,20,0,2,0,0
"gene_60",0,2,0,110,0,4,0,0,0,0
"gene_61",0,0,0,0,110,0,0,1,86,0
"gene_62",0,0,1,12,0,0,0,17,0,0
"gene_63",336,0,1,0,0,1,0,0,32,0
"gene_64",0,191,1,7,44,0,0,0,0,0
"gene_65",0,0,1,0,0,1,0,0,3,3
"gene_66",2,1,0,1,0,1166,133,1,0,499
"gene_67",0,3,165,108,561,0,1,13,0,833
"gene_68",0,2,6,0,0,0,0,0,0,17
"gene_69",0,0,0,0,12,0,1168,1,0,0
"gene_70",2321,0,0,0,63,0,0,13,1,0
"gene_71",0,0,83,9,0,0,0,514,0,0
"gene_72",0,0,0,18,0,706,6,0,0,1
"gene_73",4,0,0,15,0,0,109,10,267,9
"gene_74",0,0,12,135,2,19,0,0,0,56
"gene_75",129,0,34,0,30,774,6,0,21,48
"gene_76",0,0,0,0,143,101,259,97,4,11
"gene_77",0,1,8,0,151,0,0,134,0,56
"gene_78",0,2,0,0,0,0,0,7,29,497
"gene_79",33,2,25,0,0,0,4,0,4,0
"gene_80",0,20,0,0,24,0,0,0,0,0
"gene_81",0,0,841,0,0,200,0,1,0,0
"gene_82",0,0,1,0,0,0,0,6,53,0
"gene_83",35,44,21,15,0,12,0,21,0,0
"gene_84",0,19,76,0,0,33,0,2,38,0
"gene_85",5,0,24,34,75,494,0,1,958,6
"gene_86",948,0,31,0,0,0,0,375,0,241
"gene_87",29,55,6,1743,0,2,278,1408,2,0
"gene_88",0,16,0,0,0,0,2,0,0,1
"gene_89",1,506,0,90,2,6,36,38,78,0
"gene_90",368,29,0,1,0,47,0,0,0,0
"gene_91",4,150,4,0,8,1044,0,0,4,111
"gene_92",0,1,4,445,0,75,145,0,538,19
"gene_93",0,0,0,1,0,0,0,0,194,363
"gene_94",3,0,0,13,97,227,3,14,0,99
"gene_95",0,0,1,0,23,1,1,292,4,5
"gene_96",2,665,0,0,0,0,0,0,0,120
"gene_97",0,110,17,109,0,787,0,0,2299,0
"gene_98",0,0,0,2,0,27,0,300,0,0
"gene_99",298,0,0,0,1,4,1,1310,0,120
"gene_100",149,0,0,42,0,0,0,0,0,25
"gene_101",37,7,0,907,182,17,0,0,23,0
"gene_102",0,0,0,2,0,0,0,0,2,143
"gene_103",245,212,0,0,0,683,0,150,1,0
"gene_104",0,0,43,83,2390,0,0,0,0,569
"gene_105",0,0,2,49,663,31,0,0,1188,3
"gene_106",0,31,0,65,0,50,88,0,8,27
"gene_107",847,0,17,35,0,929,6,306,286,0
"gene_108",3,0,0,0,0,2226,48,8,9,0
"gene_109",447,0,0,0,44,873,1,0,22,0
"gene_110",1,0,0,0,0,0,0,0,249,0
"gene_111",2,0,23,0,78,0,0,0,65,3
"gene_112",0,127,0,0,0,1,94,12,11,0
"gene_113",0,0,0,5,0,0,167,0,0,0
"gene_114",162,7,13,0,21,0,1646,0,0,270
"gene_115",0,290,0,225,0,3,0,1,0,0
"gene_116",0,162,0,0,0,24,33,56,0,4
"gene_117",0,3,0,0,0,0,0,0,0,0
"gene_118",10,16,0,40,0,206,1,0,334,0
"gene_119",239,140,0,0,71,2,0,102,1079,1
"gene_120",0,0,0,0,0,829,221,28,3,18
"gene_121",0,0,0,881,8,95,0,0,1046,1277
"gene_122",0,62,0,463,15,71,1,3,0,0
"gene_123",1,1,245,1085,13,13,0,172,0,0
"gene_124",52,0,0,0,171,0,0,0,5,50
"gene_125",31,0,249,0,47,2,0,992,0,18
"gene_126",23,535,0,215,96,0,36,9,69,65
"gene_127",0,3,0,0,0,193,73,0,0,0
"gene_128",0,608,0,0,1,2,0,23,1,786
"gene_129",0,0,0,1,0,0,0,1,2,12
"gene_130",2,1635,0,0,0,0,0,100,2,0
"gene_131",0,1497,0,1,14,4,0,0,109,7
"gene_132",0,15,0,0,6,696,0,33,0,11
"gene_133",0,0,0,0,0,19,2,746,41,0
"gene_134",0,38,0,1,0,3,9,2,0,0
"gene_135",232,0,150,590,8,0,419,0,6,26
"gene_136",0,0,0,3,639,15,0,0,70,242
"gene_137",2,16,0,2,0,3,1005,0,0,0
"gene_138",0,30,0,758,0,0,7,45,151,0
"gene_139",102,643,105,0,71,61,5,1,20,0
"gene_140",1,0,0,1,0,91,0,0,0,0
"gene_141",0,0,1,47,0,0,52,8,116,0
"gene_142",0,0,0,27,23,0,12,16,0,0
"gene_143",0,1,53,1,5,13,11,62,291,0
"gene_144",0,678,62,0,0,1,0,583,0,0
"gene_145",0,55,30,0,38,509,1600,0,159,0
"gene_146",0,2424,91,0,0,2,27,0,0,3
"gene_147",52,151,62,170,764,0,48,652,0,14
"gene_148",0,40,0,725,0,0,1,0,0,2350
"gene_149",2,0,38,0,0,26,13,0,0,1
"gene_150",0,356,0,0,321,3,0,0,5,0
"gene_151",373,62,0,317,1,0,32,0,44,62
"gene_152",0,0,487,2,0,0,6,446,615,0
"gene_153",0,1,11,1335,160,0,3,6,276,0
"gene_154",0,356,1,648,0,0,0,417,0,138
"gene_155",98,46,931,232,306,0,0,0,2,0
"gene_156",0,1,0,5,175,0,0,0,0,121
"gene_157",0,968,516,0,78,0,0,0,0,90
"gene_158",0,97,170,0,0,0,2,0,1,77
"gene_159",1,1,0,77,172,295,174,0,47,419
"gene_160",190,284,0,2,15,24,0,109,0,0
"gene_161",12,1,0,13,0,0,7,126,0,0
"gene_162",4,508,0,0,0,329,21,0,0,41
"gene_163",2,70,0,679,0,0,0,364,2043,6
"gene_164",93,2,0,39,9,0,0,0,160,2
"gene_165",7,0,0,0,0,0,854,0,128,0
"gene_166",143,0,1,0,0,321,0,0,201,80
"gene_167",29,0,4,158,0,115,138,387,0,0
"gene_168",0,8,41,263,79,170,9,0,64,0
"gene_169",0,0,97,0,0,0,0,5,1,0
"gene_170",0,5,0,0,0,7,0,0,71,0
"gene_171",342,0,5,109,4,0,0,48,2,1
"gene_172",0,53,0,457,0,1,0,91,0,0
"gene_173",647,3248,0,326,0,1358,479,0,32,47
"gene_174",0,0,0,0,1,84,0,0,0,0
"gene_175",8,0,0,301,108,0,271,5,63,2831
"gene_176",41,6,0,0,0,1004,0,1408,0,0
"gene_177",0,2,0,1470,3,0,0,1,204,0
"gene_178",0,0,0,0,2,0,937,700,0,0
"gene_179",68,0,0,1,0,1,4,21,0,0
"gene_180",82,7,0,0,0,0,0,2,254,0
"gene_181",0,15,476,14,12,0,477,0,96,10
"gene_182",0,0,0,301,0,287,71,16,0,1
"gene_183",0,0,0,0,0,200,0,182,0,358
"gene_184",7,0,0,27,38,1,0,0,8,0
"gene_185",0,0,55,7,2,0,0,959,0,0
"gene_186",2,0,23,498,0,0,0,0,0,1810
"gene_187",0,3,0,282,86,0,0,108,0,27
"gene_188",0,0,0,1,92,0,1,0,4,32
"gene_189",11,76,15,1,36,2276,0,0,25,0
"gene_190",10,42,0,0,0,224,530,1,52,1
"gene_191",0,0,0,67,0,2,37,242,147,6
"gene_192",0,18,2,0,0,0,0,0,3,0
"gene_193",5,0,106,2235,0,81,442,0,2,1
"gene_194",170,0,0,518,0,7,0,0,0,0
"gene_195",0,7,0,2,0,0,0,31,0,0
"gene_196",181,0,0,39,0,182,0,0,25,0
"gene_197",0,4,0,0,16,689,10,0,0,0
"gene_198",724,0,0,0,0,125,3,142,0,0
"gene_199",0,73,0,2,16,80,5,31,0,0
"gene_200",0,0,2,0,0,0,0,0,0,1
"gene_201",0,7,2,0,7,45,316,0,22,0
"gene_202",0,367,0,0,117,0,535,2,0,589
"gene_203",27,376,1,29,0,0,76,96,0,0
"gene_204",94,0,0,0,0,0,1,214,10,420
"gene_205",0,156,71,0,13,147,128,19,0,0
"gene_206",211,0,1,1,29,46,8,0,0,2
"gene_207",0,0,0,938,1,4,17,0,0,0
"gene_208",0,0,753,0,0,115,0,0,657,0
"gene_209",41,58,4,0,197,206,6,281,101,1
"gene_210",6,17,0,38,35,0,514,36,159,2
"gene_211",109,15,0,0,2,0,73,94,0,0
"gene_212",0,178,0,39,21,0,33,0,255,4
"gene_213",0,934,0,177,688,5,20,21,0,0
"gene_214",1,4,37,4,2,0,0,0,0,0
"gene_215",0,10,0,8,101,0,0,0,481,6
"gene_216",0,1,268,4,1,6,3,0,0,3
"gene_217",1,0,51,14,0,0,0,237,1,0
"gene_218",64,150,147,0,4,14,0,5,0,387
"gene_219",0,77,0,0,565,455,0,1507,460,0
"gene_220",0,267,0,2,7,16,0,276,20,488
"gene_221",14,6,49,0,6,0,0,58,0,1614
"gene_222",32,236,0,0,0,0,0,22,1,0
"gene_223",205,0,6,30,0,2210,0,0,681,0
"gene_224",0,7,51,140,9,0,0,0,0,0
"gene_225",0,0,90,0,0,0,1,72,0,0
"gene_226",0,0,0,0,194,85,49,4,0,0
"gene_227",47,0,0,3,14,0,0,0,157,102
"gene_228",0,0,33,852,33,44,0,0,437,0
"gene_229",0,0,0,0,52,1,14,0,0,0
"gene_230",89,2,214,0,0,0,0,0,12,8
"gene_231",0,7,700,1,1,0,59,0,1,0
"gene_232",0,1,0,18,24,0,0,875,0,0
"gene_233",4,228,218,4,52,441,13,0,0,3
"gene_234",0,0,0,0,0,0,27,0,0,0
"gene_235",0,281,0,0,3,0,0,0,0,0
"gene_236",0,79,1262,40,0,0,0,0,17,5
"gene_237",0,0,0,229,0,3,201,2,0,0
"gene_238",0,0,0,28,51,2,0,0,1,0
"gene_239",0,0,0,133,23,0,0,0,0,0
"gene_240",0,559,0,0,1981,45,36,4,0,0
"gene_241",3,26,21,6,0,0,105,10,439,13
"gene_242",0,0,200,0,166,0,0,90,122,46
"gene_243",61,96,0,0,4,0,2,0,2005,8
"gene_244",5110,0,3,0,7,477,0,0,0,0
"gene_245",0,0,0,11,19,0,0,0,0,0
"gene_246",206,31,66,0,0,140,0,0,0,0
"gene_247",0,34,20,4,0,199,266,0,0,448
"gene_248",0,5,0,231,1,4,0,11,0,7
"gene_249",39,0,0,11,3,149,0,97,0,0
"gene_250",0,13,0,0,19,370,53,17,0,376
"gene_251",553,37,5,78,0,0,0,3,0,0
"gene_252",1186,0,0,0,29,0,0,0,0,0
"gene_253",0,92,0,11,0,0,4,0,1,0
"gene_254",619,2183,502,0,0,16,0,0,148,17
"gene_255",0,467,0,0,336,9,0,0,138,0
"gene_256",0,59,67,734,0,185,357,0,0,0
"gene_257",12,0,99,0,0,3,0,89,0,0
"gene_258",184,0,0,3,9,35,0,581,0,0
"gene_259",16,6,0,3,0,9,0,642,37,11
"gene_260",0,0,14,12,13,0,0,161,269,1619
"gene_261",0,0,0,0,0,0,0,0,0,0
"gene_262",0,0,17,6,5,2,0,67,0,0
"gene_263",1,0,0,7,3,53,499,0,0,4
"gene_264",43,1,3,9,17,65,12,0,2,0
"gene_265",0,0,33,0,0,0,0,0,0,3
"gene_266",787,14,0,9,445,0,21,50,112,0
"gene_267",1,26,0,2,0,11,0,1,127,0
"gene_268",699,0,0,1,0,4,0,0,4415,0
"gene_269",0,1,0,0,308,0,7,0,0,0
"gene_270",0,0,0,12,0,0,0,0,0,0
"gene_271",0,375,0,16,8,0,0,59,25,0
"gene_272",303,0,2,1308,0,92,0,0,0,1766
"gene_273",2,0,129,18,32,0,0,0,231,483
"gene_274",143,0,0,19,0,25,0,0,17,0
"gene_275",27,5,5,0,88,144,10,15,1,0
"gene_276",0,0,0,59,13,0,0,6,74,1
"gene_277",0,0,0,301,0,0,106,0,0,0
"gene_278",235,1,43,0,64,0,138,0,235,0
"gene_279",1600,18,0,1,3,1,0,55,628,850
"gene_280",0,0,0,0,158,0,15,5,0,0
"gene_281",316,584,11,5,8,7,38,10,0,748
"gene_282",13,26,3,0,0,193,0,415,10,42
"gene_283",2,4,102,0,0,0,18,0,3,0
"gene_284",0,50,2,0,0,0,2,16,5,0
"gene_285",2,0,0,75,35,428,0,0,145,0
"gene_286",9,2,2,6,1,2,41,0,0,0
"gene_287",1,147,0,4,0,1108,30,0,90,0
"gene_288",0,9,0,0,0,0,42,0,0,1
"gene_289",159,207,0,0,0,0,1673,306,0,0
"gene_290",96,0,0,1572,45,0,0,0,1,1
"gene_291",0,45,18,2,0,0,0,0,0,0
"gene_292",0,18,1504,0,0,3,0,2,0,0
"gene_293",594,0,0,7,0,2,22,3,2,11
"gene_294",1,115,0,3,0,69,469,0,500,897
"gene_295",0,18,0,2,0,147,0,56,0,3
"gene_296",0,25,1,0,0,20,115,2,4,0
"gene_297",0,1575,0,0,0,0,0,2,0,33
"gene_298",22,0,0,0,0,0,0,451,61,0
"gene_299",1,0,2,0,1,0,0,0,0,153
"gene_300",0,0,68,4,281,0,2,0,0,1
"gene_301",0,17,67,0,0,1,0,201,0,3
"gene_302",34,0,0,0,0,0,116,22,0,173
"gene_303",0,10,0,91,1341,2,40,1,0,0
"gene_304",50,0,6,0,399,0,0,0,1,2894
"gene_305",0,0,8,0,1,0,322,4,0,1
"gene_306",2,0,0,34,0,0,335,0,1,0
"gene_307",116,317,0,85,0,1,0,31,0,0
"gene_308",10,140,407,2115,63,4,11,437,736,0
"gene_309",18,0,50,0,5,0,2,0,0,0
"gene_310",101,0,0,1758,51,0,0,0,1,47
"gene_311",1,4,0,0,2,0,20,0,288,333
"gene_312",4,2181,159,7,351,0,0,25,7,325
"gene_313",0,1277,0,5,0,0,0,6,0,1901
"gene_314",0,4,0,1,0,4291,0,0,0,0
"gene_315",0,0,110,0,37,3,83,0,0,0
"gene_316",0,2,1,0,0,120,0,0,0,680
"gene_317",412,0,0,4,4,0,15,0,5,29
"gene_318",0,0,82,69,57,100,20,0,400,3
"gene_319",1781,0,2317,0,0,4,0,165,0,1
"gene_320",0,0,8,0,49,0,0,74,1,0
"gene_321",0,9,1,17,0,0,0,0,0,0
"gene_322",2,0,0,0,1,1,0,0,1,0
"gene_323",0,0,4,101,115,0,0,0,0,19
"gene_324",0,58,0,52,398,0,0,252,448,0
"gene_325",6,0,260,0,0,289,37,0,5,15
"gene_326",0,0,338,7,0,1,125,0,1687,0
"gene_327",0,0,5,12,25,63,13,0,0,0
"gene_328",0,0,0,0,0,0,11,0,157,0
"gene_329",0,544,0,0,2,0,2081,1,0,0
"gene_330",0,11,1,126,0,70,1,1,0,0
"gene_331",0,0,470,2,922,0,0,367,0,0
"gene_332",3,13,0,0,0,0,60,0,459,0
"gene_333",0,0,12,0,8,0,38,0,0,0
"gene_334",385,0,42,0,12,338,0,0,2,0
"gene_335",175,2,1,0,434,0,9,53,1,0
"gene_336",976,0,227,0,0,1005,278,0,12,0
"gene_337",0,0,861,177,25,0,1,0,3,68
"gene_338",334,0,488,0,0,921,0,0,0,0
"gene_339",0,294,10,0,0,0,0,1115,0,0
"gene_340",0,0,531,0,0,0,7,17,0,0
"gene_341",0,10,1302,63,305,0,0,1,0,0
"gene_342",0,0,420,0,782,2,13,0,79,31
"gene_343",99,0,30,34,6,0,0,0,0,0
"gene_344",0,0,24,0,4,0,590,13,0,1004
"gene_345",0,330,29,0,4,12,0,0,0,0
"gene_346",0,499,3400,0,1,0,0,0,123,12
"gene_347",0,0,109,0,0,0,2,0,0,771
"gene_348",0,0,307,1797,0,0,0,195,98,1
"gene_349",52,8,0,164,0,0,538,14,0,127
"gene_350",0,2,0,203,2511,4,3,213,4,5
"gene_351",0,35,0,23,28,114,32,50,0,0
"gene_352",12,0,0,9,592,17,598,0,0,0
"gene_353",517,0,0,0,5,0,212,78,12,3
"gene_354",6,0,45,0,0,0,0,0,0,13
"gene_355",30,1724,0,75,179,0,237,324,0,0
"gene_356",200,0,0,1,5,0,0,0,1,0
"gene_357",52,124,489,0,235,20,1,0,175,1
"gene_358",0,220,6,0,10,1,0,0,0,39
"gene_359",0,0,1,154,61,3,257,59,0,0
"gene_360",249,71,0,4,0,0,0,34,0,1
"gene_361",33,68,335,250,2,0,0,3,36,4
"gene_362",1,5,0,0,190,20,62,4,1,0
"gene_363",0,2,157,1,0,3,532,0,1,0
"gene_364",11,29,0,20,3246,53,0,157,471,114
"gene_365",70,0,0,3,0,74,2688,19,0,0
"gene_366",1,113,56,0,1,0,619,0,10,0
"gene_367",0,365,75,1,9,0,0,0,28,19
"gene_368",0,0,2,1,0,79,1,0,1,413
"gene_369",0,6,0,22,0,0,2,0,0,0
"gene_370",1,16,0,4,50,114,0,0,1320,0
"gene_371",2,13,0,0,0,0,126,0,3,0
"gene_372",0,0,1,20,0,0,174,12,0,39
"gene_373",0,0,944,0,60,69,61,76,0,530
"gene_374",0,3,1,0,13,5,1,0,7,0
"gene_375",17,0,0,49,0,109,0,16,48,0
"gene_376",0,0,0,32,2,0,0,0,0,0
"gene_377",0,93,21,0,11,3,15,0,0,0
"gene_378",871,535,0,275,0,96,3,44,0,0
"gene_379",0,54,0,33,0,2,0,4,340,126
"gene_380",2,0,5,0,0,0,0,0,655,209
"gene_381",0,0,0,22,1,5,0,0,1,97
"gene_382",1,53,37,11,0,48,0,0,0,2
"gene_383",153,0,1186,0,0,0,217,0,0,0
"gene_384",75,0,298,0,0,0,235,0,65,50
"gene_385",0,0,0,0,7,0,4,213,266,1
"gene_386",0,20,8,1230,0,0,1,0,1,7
"gene_387",0,0,29,0,446,0,0,0,2,20
"gene_388",0,0,128,836,0,3,43,49,0,0
"gene_389",0,149,0,0,0,226,0,0,0,0
"gene_390",9,0,0,7,539,210,16,0,0,1
"gene_391",0,5,0,63,12,956,0,201,5,1607
"gene_392",184,64,265,18,0,0,0,0,0,0
"gene_393",0,0,0,50,499,0,88,0,0,0
"gene_394",87,0,0,3,9,0,1,0,69,135
"gene_395",217,10,140,0,153,0,0,18,0,27
"gene_396",0,720,384,0,0,66,794,0,0,0
"gene_397",1,0,398,0,0,79,0,0,0,0
"gene_398",0,3,0,0,69,0,0,0,0,136
"gene_399",152,19,71,1,5,0,0,0,0,25
"gene_400",311,0,18,3,2027,52,0,14,67,2
"gene_401",0,0,0,2,8,0,3,0,0,0
"gene_402",19,0,0,7,0,935,0,407,1176,0
"gene_403",6,484,0,120,0,0,0,0,0,71
"gene_404",0,1,0,0,8,2,0,6,71,0
"gene_405",184,0,1,0,302,3,2,0,326,66
"gene_406",0,16,0,0,24,24,0,1,0,0
"gene_407",0,0,2,0,0,10,0,0,0,0
"gene_408",0,3,0,0,563,0,92,0,133,57
"gene_409",0,244,0,0,16,630,5,5,0,0
"gene_410",5,0,5,2,39,82,2,0,13,106
"gene_411",0,0,128,0,19,0,1,0,88,755
"gene_412",0,1168,93,422,0,0,3,3,0,160
"gene_413",0,0,20,0,136,113,0,142,1037,18
"gene_414",327,0,0,0,39,0,0,0,5,2
"gene_415",659,0,0,0,0,139,1,147,0,112
"gene_416",0,0,0,0,0,0,2,0,14,299
"gene_417",6,0,0,0,0,0,5,4,6,272
"gene_418",8,453,76,171,4,0,0,0,42,0
"gene_419",59,0,0,0,0,0,2,86,0,0
"gene_420",210,0,0,0,0,964,0,83,0,34
"gene_421",9,0,0,0,0,11,128,0,374,0
"gene_422",0,0,61,1,0,95,0,0,0,0
"gene_423",4,0,256,423,12,1,0,0,66,0
"gene_424",3,127,0,68,0,1,0,16,0,60
"gene_425",0,0,23,9,3,0,11,0,0,0
"gene_426",329,2,0,1,0,524,0,0,39,0
"gene_427",0,0,7,0,23,0,0,0,0,234
"gene_428",8,77,17,72,0,0,292,0,6,14
"gene_429",1313,0,1,0,31,18,1,0,0,0
"gene_430",254,0,0,1,5,0,0,0,0,0
"gene_431",1763,0,133,0,0,32,0,11,2,0
"gene_432",482,4,37,0,5,0,0,18,1373,0
"gene_433",510,0,0,0,2,0,0,0,124,0
"gene_434",127,5,3,207,518,0,0,0,1177,1
"gene_435",458,1,0,653,16,12,0,1,16,43
"gene_436",0,1100,1127,0,0,22,0,0,0,4
"gene_437",0,16,0,14,1,0,0,324,115,0
"gene_438",0,359,1,0,0,3,1281,0,696,2
"gene_439",0,0,3,0,45,556,0,0,0,0
"gene_440",0,1,0,89,2,1,0,1151,5,0
"gene_441",338,0,897,0,3,47,254,0,0,175
"gene_442",643,0,0,0,1,0,0,7,0,0
"gene_443",458,0,0,0,10,300,0,0,0,0
"gene_444",200,0,0,0,0,528,767,1280,4,0
"gene_445",0,510,0,0,2,0,0,794,0,0
"gene_446",0,0,0,0,726,0,0,0,6,0
"gene_447",10,1,0,0,1,0,99,0,270,22
"gene_448",0,194,0,0,0,4,0,58,92,3
"gene_449",957,0,0,0,0,2,174,537,0,85
"gene_450",383,34,1,0,125,0,0,22,4,6
"gene_451",0,0,0,296,0,45,421,76,0,0
"gene_452",0,50,0,23,496,0,0,0,0,2
"gene_453",252,0,0,618,0,38,28,0,650,294
"gene_454",0,18,11,34,0,59,211,0,100,0
"gene_455",212,414,3,0,16,0,43,0,197,2
"gene_456",109,0,28,0,0,0,1,0,47,0
"gene_457",0,0,0,0,68,0,216,0,0,0
"gene_458",49,0,0,0,10,0,0,0,666,0
"gene_459",0,335,303,0,0,0,1,0,1413,0
"gene_460",456,36,0,251,153,297,21,11,0,0
"gene_461",254,5,0,0,37,0,0,0,0,763
"gene_462",0,0,0,0,53,0,8,13,0,172
"gene_463",161,0,432,0,1,2360,152,94,7,0
"gene_464",881,18,0,1,0,58,0,0,75,0
"gene_465",0,454,1089,0,52,0,0,1,0,24
"gene_466",0,0,2,0,4,0,583,228,1,0
"gene_467",272,0,0,0,140,211,0,0,0,113
"gene_468",0,126,0,0,0,1,0,0,0,3
"gene_469",659,0,5,0,0,0,563,0,0,7
"gene_470",1297,0,297,0,1,126,1,0,534,18
"gene_471",40,24,22,0,0,1,1313,0,34,0
"gene_472",24,0,19,4,0,7,373,9,5,44
"gene_473",3,2690,0,0,32,0,18,0,1,0
"gene_474",3,0,0,0,0,11,0,0,912,0
"gene_475",0,0,505,8,43,0,4,0,0,0
"gene_476",2,3,0,0,0,125,3,0,0,0
"gene_477",3,0,0,0,0,1,58,1386,0,0
"gene_478",1,0,41,29,0,0,0,0,0,0
"gene_479",0,18,207,0,816,0,884,0,0,0
"gene_480",0,1,9,16,841,11,48,15,0,0
"gene_481",76,0,59,3,2,588,0,0,573,93
"gene_482",89,14,16,0,1,0,7,0,5,0
"gene_483",7,0,0,0,7,0,370,0,79,42
"gene_484",0,2,0,0,5,0,0,0,91,984
"gene_485",52,0,2,20,32,804,1,0,0,113
"gene_486",0,0,0,18,0,600,0,0,0,0
"gene_487",0,576,0,0,289,0,4,0,0,0
"gene_488",0,0,1975,4,1,676,194,4,681,0
"gene_489",0,70,416,72,109,0,550,7,610,1
"gene_490",167,2,0,0,0,0,166,0,314,87
"gene_491",451,0,3426,11,0,28,0,156,224,0
"gene_492",7,64,433,0,0,4,9,0,0,0
"gene_493",0,0,0,98,1,45,0,3,213,0
"gene_494",0,1,0,40,0,0,0,108,3,65
"gene_495",36,2024,0,0,6,23,73,0,1,85
"gene_496",24,3,0,211,1,1238,0,133,1,0
"gene_497",69,57,0,47,28,80,0,10,1027,0
"gene_498",0,0,34,5,0,0,20,0,0,0
"gene_499",0,703,0,0,0,14,0,57,0,0
"gene_500",203,0,0,0,0,14,0,0,0,2670
"gene_501",223,0,1,58,0,0,3,319,135,0
"gene_502",0,0,0,0,0,0,0,0,1,0
"gene_503",19,1,0,0,17,0,12,320,0,0
"gene_504",3,0,71,3,0,19,0,3,37,0
"gene_505",2,3009,31,0,0,0,0,0,42,39
"gene_506",0,258,0,12,0,0,0,106,0,8
"gene_507",27,13,0,8,0,8,1,0,6,0
"gene_508",0,0,0,150,404,2,3,1,0,172
"gene_509",0,23,22,0,0,34,0,0,41,0
"gene_510",0,0,0,0,0,213,2,0,0,49
"gene_511",0,0,0,0,664,191,0,0,0,0
"gene_512",291,0,1,1494,0,0,605,0,1224,144
"gene_513",0,189,0,3,39,1,43,0,0,222
"gene_514",24,7,554,0,1301,366,80,0,0,4
"gene_515",534,0,0,0,442,0,5,0,3,0
"gene_516",558,0,11,1,137,0,0,320,0,37
"gene_517",12,14,1,914,0,0,31,222,247,18
"gene_518",0,6,57,0,100,6,1049,34,5,0
"gene_519",5,235,406,0,0,2,0,0,0,224
"gene_520",9,0,0,289,0,0,400,0,1,180
"gene_521",0,0,0,0,0,33,0,0,13,0
"gene_522",0,0,138,0,1201,0,946,0,1646,0
"gene_523",0,0,3,0,1,0,0,1431,0,1
"gene_524",9,419,0,277,0,0,6,26,0,46
"gene_525",88,0,5,0,17,0,0,583,2082,122
"gene_526",62,174,1,0,136,77,360,0,2,3414
"gene_527",5,37,46,3,2,245,2,12,0,2
"gene_528",1,36,1464,434,0,0,20,0,0,2
"gene_529",0,0,1,0,0,0,41,18,3,0
"gene_530",1,0,0,0,3,0,139,0,6,0
"gene_531",1,0,0,0,241,82,179,0,0,216
"gene_532",81,0,0,0,0,0,1,0,0,0
"gene_533",0,1,99,1,55,0,38,0,0,218
"gene_534",174,127,0,456,24,8,7,0,0,0
"gene_535",870,0,197,2,287,19,133,0,0,0
"gene_536",0,0,0,3,0,0,0,4,24,1
"gene_537",0,0,0,0,2,1,2,12,0,62
"gene_538",33,28,0,1804,414,4,49,0,3,0
"gene_539",0,208,0,41,0,0,4,882,0,3
"gene_540",37,0,158,0,1,2,0,1046,0,429
"gene_541",0,0,0,66,0,10,73,0,0,0
"gene_542",17,0,51,152,6,0,19,0,0,231
"gene_543",0,0,277,0,5,0,116,844,0,0
"gene_544",0,65,88,4,518,5,0,7,0,0
"gene_545",470,0,0,0,0,0,0,0,1,0
"gene_546",0,2,74,0,0,203,0,93,1243,0
"gene_547",30,2,0,0,1188,9,0,0,5,4
"gene_548",130,0,26,0,0,0,0,3,224,0
"gene_549",654,1356,0,141,5,0,129,188,65,315
"gene_550",279,0,16,10,9,52,0,0,16,6
"gene_551",1220,12,0,67,1,2,0,5,13,0
"gene_552",0,7,135,59,233,104,0,77,1,0
"gene_553",232,335,312,0,2,54,2,0,0,2603
"gene_554",195,0,0,0,7,1,2,101,24,1
"gene_555",0,154,2,0,0,632,0,0,0,0
"gene_556",21,5,0,10,764,0,1,0,0,0
"gene_557",45,0,320,0,43,0,7,671,0,0
"gene_558",0,1,29,0,0,0,1304,0,635,0
"gene_559",1,0,0,77,0,35,0,1,0,1
"gene_560",43,13,0,12,0,0,53,0,0,1
"gene_561",5,104,0,0,337,264,418,473,0,0
"gene_562",48,82,1,0,195,0,0,559,0,94
"gene_563",2,0,0,0,365,0,451,0,0,359
"gene_564",127,1939,509,0,0,0,8,28,546,763
"gene_565",0,847,10,0,0,50,474,3,923,2
"gene_566",0,167,0,0,101,0,275,0,0,0
"gene_567",246,0,3,0,0,0,0,0,1,277
"gene_568",0,0,7,166,0,3,2,0,0,0
"gene_569",0,0,332,1,0,3,8,0,0,0
"gene_570",807,92,0,104,44,0,0,0,0,0
"gene_571",91,0,0,0,54,5,0,4,190,441
"gene_572",0,3,1312,265,0,0,0,0,4,0
"gene_573",0,33,9,25,0,444,1,0,0,34
"gene_574",41,28,0,120,756,9,52,0,0,0
"gene_575",0,0,1840,8,29,96,0,14,0,0
"gene_576",10,0,55,0,7,0,0,22,0,12
"gene_577",0,47,0,0,0,0,0,0,0,0
"gene_578",5,30,3,0,147,1,0,0,21,0
"gene_579",0,0,0,0,78,0,100,1241,95,5
"gene_580",0,486,23,0,17,3092,0,836,0,40
"gene_581",0,145,0,33,0,37,7,121,451,0
"gene_582",0,1,239,34,71,7,11,1055,0,118
"gene_583",0,5,0,513,0,0,32,6,1,0
"gene_584",131,1,0,0,0,0,0,0,1,0
"gene_585",0,0,0,0,0,1,0,489,0,0
"gene_586",52,320,2,0,37,0,0,1,155,0
"gene_587",1403,1,0,75,4,11,1,706,219,167
"gene_588",0,0,0,0,0,0,3,0,354,68
"gene_589",0,0,0,0,0,0,6,142,709,0
"gene_590",19,0,2,0,0,0,67,0,0,365
"gene_591",86,0,0,14,6,2,1,82,264,48
"gene_592",0,0,0,0,4,0,0,125,16,300
"gene_593",0,24,4,0,425,0,0,0,124,76
"gene_594",0,194,2,14,2,34,0,0,0,0
"gene_595",1,0,0,260,20,16,0,1,81,0
"gene_596",0,59,288,16,437,0,115,0,90,0
"gene_597",0,3,185,0,0,176,5,0,0,4
"gene_598",997,906,0,49,0,0,0,15,0,0
"gene_599",125,0,487,0,0,0,0,26,85,18
"gene_600",0,6,0,29,6,0,1336,0,302,0
"gene_601",0,0,0,4,16,26,0,75,14,0
"gene_602",2505,3,0,0,0,181,1,2,0,0
"gene_603",0,0,4,25,26,0,0,0,2,141
"gene_604",104,103,154,64,0,2,0,0,0,0
"gene_605",0,0,0,0,0,0,0,99,0,0
"gene_606",583,0,12,375,0,0,0,64,151,720
"gene_607",0,0,0,76,15,2,24,86,0,98
"gene_608",0,50,22,0,0,0,1,0,2,138
"gene_609",0,0,0,602,13,0,0,0,47,0
"gene_610",0,0,246,0,502,0,925,0,688,0
"gene_611",6,0,0,1,1,0,58,0,0,0
"gene_612",1,12,0,0,0,1,79,27,1,0
"gene_613",94,1162,0,0,3412,0,7,0,182,0
"gene_614",0,0,19,0,0,164,1,0,1,0
"gene_615",135,0,0,14,0,0,3,0,4,562
"gene_616",41,675,80,181,0,112,1,0,848,64
"gene_617",0,0,0,0,124,0,2,636,0,125
"gene_618",50,2045,9,43,0,1,0,0,0,225
"gene_619",0,23,0,1120,0,17,0,0,1,178
"gene_620",0,58,1,0,246,0,0,224,0,0
"gene_621",0,0,0,28,17,0,1163,0,0,0
"gene_622",265,2412,24,0,0,18,0,281,1897,1
"gene_623",349,18,0,3490,0,35,0,0,0,0
"gene_624",15,0,0,305,0,0,0,2168,1,53
"gene_625",0,0,0,0,111,0,0,13,656,0
"gene_626",0,48,9,0,0,0,0,265,0,126
"gene_627",0,604,0,271,0,3,6,0,161,0
"gene_628",19,24,527,40,0,0,0,108,27,0
"gene_629",0,41,0,1,439,74,1,203,35,61
"gene_630",1,2,1,17,437,691,92,0,87,0
"gene_631",0,0,0,47,1891,179,4,20,715,2
"gene_632",0,53,0,0,75,2,0,32,79,5
"gene_633",10,30,0,0,2,2,2,0,1,0
"gene_634",14,0,3,1,1,0,0,3,0,0
"gene_635",0,585,25,8,0,13,1,355,0,0
"gene_636",0,67,0,0,0,1310,86,719,0,9
"gene_637",0,0,531,0,6,0,0,0,0,0
"gene_638",124,0,42,0,0,0,0,0,0,0
"gene_639",0,81,0,864,15,0,16,108,1,1
"gene_640",0,0,3,0,561,0,0,109,2,0
"gene_641",1,0,209,0,143,0,0,0,1,10
"gene_642",5,0,0,0,36,0,7,0,37,0
"gene_643",0,0,69,515,5,0,0,0,1,0
"gene_644",11,0,0,1,1011,0,0,84,0,0
"gene_645",0,13,12,662,3,0,0,2,0,0
"gene_646",0,26,0,651,0,18,0,9,113,0
"gene_647",19,0,181,817,3,170,966,253,907,0
"gene_648",34,0,5,0,0,176,30,388,0,0
"gene_649",0,5,0,403,0,123,11,0,0,0
"gene_650",2,2,0,69,65,0,34,0,0,1
"gene_651",95,1,154,303,20,0,354,1993,217,4
"gene_652",142,0,49,0,1,0,0,0,48,0
"gene_653",309,9,0,112,24,20,0,1079,204,0
"gene_654",2,0,0,0,72,0,11,0,1,0
"gene_655",34,0,69,667,9,95,0,3,615,0
"gene_656",272,55,18,19,0,198,1228,0,1,116
"gene_657",0,0,0,268,0,0,0,1,146,5
"gene_658",0,0,0,0,0,137,43,0,315,0
"gene_659",201,0,0,0,0,379,26,158,4,2
"gene_660",0,0,4,0,33,0,0,0,6,0
"gene_661",1,15,0,0,2,27,4,6,2,68
"gene_662",52,0,8,787,0,88,37,2,1,0
"gene_663",0,0,1,0,0,1,894,33,0,5
"gene_664",0,0,0,10,0,0,0,1,0,4
"gene_665",2,0,0,0,0,19,0,564,4,2
"gene_666",0,0,0,12,36,0,0,0,0,303
"gene_667",815,0,10,63,0,533,0,0,775,0
"gene_668",0,291,421,935,4,1,438,49,0,0
"gene_669",0,0,0,0,265,25,1,3,178,369
"gene_670",259,0,374,3,219,0,0,16,0,0
"gene_671",16,0,0,4,1,4,13,0,2,3
"gene_672",0,0,13,0,0,10,0,44,2,0
"gene_673",0,1342,3,0,0,13,0,0,27,351
"gene_674",0,0,0,433,22,0,0,54,2,0
"gene_675",0,7,0,1,0,4,0,170,0,0
"gene_676",0,387,156,207,0,16,0,0,0,6
"gene_677",42,112,0,0,15,0,0,0,0,1
"gene_678",2,0,0,2,211,0,42,77,0,125
"gene_679",0,65,0,1,0,1505,30,0,331,0
"gene_680",83,5,2442,1,12,0,2215,94,0,0
"gene_681",0,782,0,5,1,1090,0,0,0,35
"gene_682",189,1,0,4,0,0,3,75,0,0
"gene_683",8,0,276,0,1,21,0,0,284,0
"gene_684",115,37,26,0,296,0,0,0,34,42
"gene_685",4,20,19,7,14,529,108,2,0,0
"gene_686",139,0,2,7,364,0,0,0,31,97
"gene_687",102,0,0,174,11,0,278,803,0,980
"gene_688",0,7,2,0,89,43,177,0,524,35
"gene_689",12,41,0,0,0,9,0,4,46,197
"gene_690",0,524,0,0,248,0,6,0,0,0
"gene_691",189,0,3,416,0,0,27,2,21,8
"gene_692",14,0,0,105,4,0,0,408,57,15
"gene_693",0,0,489,5,0,0,0,42,23,0
"gene_694",1,0,7,406,0,5,0,31,0,0
"gene_695",2,1185,30,1180,0,15,1,17,0,0
"gene_696",1,5,0,3,0,0,0,0,3,0
"gene_697",0,0,8,6,0,0,81,1,0,0
"gene_698",61,0,1461,0,129,0,0,0,0,46
"gene_699",123,0,0,0,0,45,0,4,0,3
"gene_700",0,8,62,58,0,0,25,159,10,0
"gene_701",0,405,3,18,0,512,0,3,1,785
"gene_702",161,0,0,0,0,7,11,2,0,9
"gene_703",4,0,0,417,4,1,3,0,52,0
"gene_704",0,0,121,0,283,122,85,0,0,53
"gene_705",14,2,15,728,23,0,63,0,0,82
"gene_706",1748,6,0,3,155,0,1,0,0,16
"gene_707",194,26,0,1,0,1,92,0,0,0
"gene_708",122,6,2,0,0,0,1,0,39,663
"gene_709",0,116,0,156,0,0,580,1,56,132
"gene_710",0,3091,1,0,4,0,0,0,47,145
"gene_711",28,0,0,34,0,442,0,1,0,7
"gene_712",0,3,0,0,0,0,0,12,3,51
"gene_713",0,1,0,1034,0,70,1,0,84,1
"gene_714",0,0,0,0,14,31,1,0,0,0
"gene_715",0,105,10,1,0,0,4,19,208,810
"gene_716",0,0,11,578,202,0,0,0,1,7
"gene_717",199,0,78,51,211,0,0,166,1,3
"gene_718",0,0,0,4,0,3,0,352,0,3
"gene_719",38,1,17,3,261,0,0,432,78,0
"gene_720",0,0,0,101,132,0,119,0,0,55
"gene_721",0,0,0,4,0,274,134,0,1713,0
"gene_722",0,93,0,0,0,0,1,0,0,0
"gene_723",0,318,0,4,163,3,0,0,905,27
"gene_724",98,0,0,0,0,1249,0,0,197,0
"gene_725",108,9,0,0,0,7,143,169,0,225
"gene_726",0,0,0,59,0,0,33,0,0,827
"gene_727",0,0,43,0,10,57,0,0,0,0
"gene_728",8,225,66,14,466,0,424,8,210,508
"gene_729",0,16,152,0,23,0,28,0,0,22
"gene_730",0,8,49,106,0,0,1,388,0,0
"gene_731",0,6,0,222,394,11,0,0,0,0
"gene_732",0,534,0,79,0,25,0,250,0,0
"gene_733",0,0,0,542,0,0,3,25,0,0
"gene_734",0,964,515,0,56,111,1199,0,0,1564
"gene_735",40,0,0,30,2,0,0,6,0,0
"gene_736",19,0,48,318,0,46,6,0,0,346
"gene_737",0,0,0,0,0,0,50,0,223,70
"gene_738",0,1390,0,0,42,0,0,15,2877,510
"gene_739",0,0,0,0,0,0,0,3,43,2
"gene_740",4,0,0,0,963,135,0,0,207,0
"gene_741",38,379,8,188,0,0,172,0,28,3
"gene_742",0,110,1,15,120,1,0,0,0,0
"gene_743",0,1,27,0,833,0,33,134,0,1
"gene_744",61,0,950,17,0,293,1190,0,0,1118
"gene_745",0,0,0,0,0,73,0,355,6130,0
"gene_746",16,0,0,0,0,8,447,788,19,0
"gene_747",910,0,0,0,24,0,2,171,0,0
"gene_748",0,7,78,0,0,0,1540,1098,0,0
"gene_749",0,0,17,0,6,0,0,90,10,0
"gene_750",0,28,0,0,0,0,2,3,122,0
"gene_751",0,0,2,0,0,32,24,0,11,0
"gene_752",0,42,1495,10,36,55,0,0,3,0
"gene_753",0,2,0,3,0,192,0,0,0,2
"gene_754",87,4,13,33,5,0,232,0,0,0
"gene_755",1,98,6,475,22,173,3,0,5,0
"gene_756",0,0,195,611,7,601,0,271,8,82
"gene_757",1,194,37,0,0,86,5,2,1115,0
"gene_758",0,3,0,0,0,0,40,392,0,8
"gene_759",393,0,0,0,0,0,0,9,0,0
"gene_760",0,42,1623,475,196,5,300,1,273,0
"gene_761",0,19,729,0,0,0,753,187,0,0
"gene_762",0,0,1081,285,0,1,14,0,58,0
"gene_763",2,497,0,24,157,0,127,88,0,46
"gene_764",0,129,0,0,0,3,0,0,0,0
"gene_765",29,0,101,81,1,1,0,0,49,57
"gene_766",412,0,101,0,233,0,0,1,0,0
"gene_767",14,0,985,0,4,0,0,0,0,0
"gene_768",447,2,0,19,5,0,87,5,0,671
"gene_769",3,0,0,2,2,0,0,0,2,378
"gene_770",0,328,0,0,9,0,201,0,0,0
"gene_771",12,57,0,1331,0,0,0,45,0,157
"gene_772",1340,0,0,0,0,214,0,0,4,0
"gene_773",0,0,0,3,0,0,411,0,1316,44
"gene_774",0,0,14,188,0,1,37,0,73,0
"gene_775",0,0,0,12,0,14,52,0,0,0
"gene_776",78,0,182,0,1,3,15,0,0,145
"gene_777",0,72,67,3166,38,436,1,1,0,177
"gene_778",0,173,0,2,1,126,0,107,5,0
"gene_779",223,9,0,0,5,0,778,10,44,0
"gene_780",0,735,0,193,0,28,1003,0,619,0
"gene_781",0,2,2,0,1,0,0,0,0,0
"gene_782",0,0,5,41,0,0,472,0,102,1552
"gene_783",740,0,0,0,0,4,0,0,5,2
"gene_784",16,0,0,283,31,98,0,0,3,0
"gene_785",420,1,0,0,28,0,134,0,0,5
"gene_786",0,0,355,5,180,1284,0,43,0,13
"gene_787",1,229,7,2,5,0,0,264,17,782
"gene_788",0,531,3,0,2,0,27,706,0,32
"gene_789",0,2,0,6,23,149,0,0,1988,3
"gene_790",9,647,0,266,0,68,1,0,0,0
"gene_791",3,0,0,65,0,194,0,0,65,56
"gene_792",0,28,0,0,198,12,79,0,1,37
"gene_793",5,0,390,1,87,0,7,0,0,421
"gene_794",0,0,0,27,0,0,0,0,105,0
"gene_795",1,24,357,0,0,72,0,0,0,0
"gene_796",18,0,0,0,0,0,136,0,4,203
"gene_797",203,0,74,0,215,0,0,213,0,0
"gene_798",469,1279,0,9,0,1174,4,316,0,10
"gene_799",0,25,137,0,0,0,0,0,0,7
"gene_800",36,0,0,2,0,309,0,0,114,6
"gene_801",0,0,0,5,0,0,0,0,0,63
"gene_802",0,0,93,0,11,56,0,0,0,0
"gene_803",46,0,0,2,0,310,36,0,25,0
"gene_804",1,74,465,392,17,122,7,4,5,0
"gene_805",699,0,0,500,0,0,0,0,1,0
"gene_806",0,10,238,0,169,0,0,1,860,0
"gene_807",0,0,741,0,3,0,0,0,129,8
"gene_808",0,210,0,4,0,0,0,0,1435,0
"gene_809",12,0,498,296,314,0,0,0,7,0
"gene_810",0,0,175,47,0,0,25,0,0,0
"gene_811",1,5,0,204,0,15,0,16,309,0
"gene_812",332,9,6,1,471,0,0,0,0,209
"gene_813",0,30,194,0,34,220,0,0,0,37
"gene_814",423,0,0,13,3,1,25,0,0,69
"gene_815",6,0,0,4,0,0,0,35,106,0
"gene_816",0,0,0,5,82,85,0,7,0,0
"gene_817",368,8,0,0,0,0,97,0,0,48
"gene_818",647,0,0,198,0,9,0,0,41,0
"gene_819",0,0,0,705,0,5,0,10,0,1
"gene_820",0,0,98,6,0,979,0,0,77,39
"gene_821",0,23,3,0,0,0,0,3,428,0
"gene_822",0,396,0,101,1,0,143,0,0,0
"gene_823",4,0,0,20,0,0,0,17,0,2
"gene_824",0,8,0,2,23,0,2,0,12,0
"gene_825",436,0,28,3,232,0,1634,914,40,11
"gene_826",109,266,0,269,0,0,7,0,355,1
"gene_827",2,0,0,3,0,0,2,0,0,4
"gene_828",0,26,1198,1,0,1003,87,7,0,0
"gene_829",58,53,51,0,1190,0,9,0,31,8
"gene_830",811,1,894,118,79,7,0,1,15,407
"gene_831",12,0,0,13,0,0,13,90,0,0
"gene_832",0,0,0,0,0,1511,2331,4,277,0
"gene_833",0,0,15,0,1347,39,0,193,1,0
"gene_834",238,0,0,0,0,0,0,7,0,0
"gene_835",0,0,0,22,0,88,853,2,0,0
"gene_836",3,1,999,286,5,45,9,0,34,235
"gene_837",0,0,196,14,6,0,0,0,244,0
"gene_838",0,417,0,7,1,0,0,0,0,1
"gene_839",0,0,210,1,0,0,0,113,9,0
"gene_840",0,144,5,59,238,62,26,7,1,27
"gene_841",172,0,0,7,5,0,0,0,0,0
"gene_842",38,5,0,1312,1784,0,0,6,0,45
"gene_843",0,0,11,0,0,0,1107,296,0,45
"gene_844",0,1416,0,0,0,1,16,200,0,62
"gene_845",298,9,1,0,1,0,356,10,462,0
"gene_846",355,0,22,0,31,58,43,31,0,0
"gene_847",0,0,0,2,0,4,1,0,0,0
"gene_848",119,2,0,164,9,0,0,587,2,0
"gene_849",0,3,0,1,0,0,7,2039,0,162
"gene_850",0,0,0,1,1,0,27,0,37,41
"gene_851",1,450,22,15,6,1,0,0,0,14
"gene_852",249,0,11,0,0,0,0,0,0,0
"gene_853",0,5,520,0,2,62,18,0,0,573
"gene_854",0,22,0,17,9,0,35,0,0,7
"gene_855",372,45,0,0,0,15,6,35,0,1
"gene_856",270,0,0,116,40,0,190,2,0,56
"gene_857",0,0,0,202,28,1,0,327,4,26
"gene_858",0,0,196,0,0,1,7,1,0,0
"gene_859",7,0,170,2093,888,1446,0,0,114,0
"gene_860",510,19,0,788,189,0,0,8,0,0
"gene_861",2,0,125,0,0,6,0,147,1,0
"gene_862",196,20,0,0,3,0,0,0,0,0
"gene_863",0,0,0,0,2,1,58,0,0,26
"gene_864",50,0,84,41,2,24,0,18,0,95
"gene_865",351,22,16,0,0,0,0,0,6,0
"gene_866",0,6,25,0,0,0,62,0,0,0
"gene_867",0,45,0,296,0,134,14,0,291,0
"gene_868",12,0,0,0,1,3,0,1322,0,0
"gene_869",0,0,2,0,29,1,185,137,0,0
"gene_870",0,20,9,55,56,0,0,27,5,2
"gene_871",0,0,5,0,0,1,0,89,0,0
"gene_872",1,9,0,29,1,108,0,0,33,634
"gene_873",0,0,0,0,0,12,1108,6,57,0
"gene_874",0,1,0,4,0,0,282,0,0,1
"gene_875",0,0,188,0,237,0,177,0,0,0
"gene_876",0,0,0,0,2,165,43,0,0,0
"gene_877",0,0,26,0,240,0,7,0,189,0
"gene_878",83,17,1280,0,0,0,0,103,258,3
"gene_879",64,359,0,0,103,59,137,0,0,5
"gene_880",0,0,0,0,0,164,90,25,0,0
"gene_881",2,274,0,6,0,0,8,5,2,39
"gene_882",2,0,0,1,0,119,1,474,0,19
"gene_883",0,0,1,3,0,35,1095,0,93,0
"gene_884",0,0,0,1,79,18,0,0,39,0
"gene_885",0,0,0,8,53,77,43,0,0,0
"gene_886",30,0,0,55,0,18,43,1,0,2268
"gene_887",0,0,19,0,32,4,0,0,120,0
"gene_888",18,3,3,0,0,0,23,18,0,0
"gene_889",24,0,0,1105,0,0,83,1,3,2
"gene_890",52,6,0,0,401,0,21,0,0,1
"gene_891",218,1,308,0,4,0,0,144,46,0
"gene_892",0,388,2,14,158,0,127,3,0,0
"gene_893",0,57,0,0,5,71,82,2,0,1027
"gene_894",0,230,2,5,79,15,1119,0,15,0
"gene_895",44,0,0,0,293,0,27,0,0,0
"gene_896",0,0,229,0,0,0,223,10,10,1
"gene_897",0,12,8,0,14,3,0,0,0,0
"gene_898",239,0,0,0,0,0,0,273,2,0
"gene_899",140,240,10,0,0,1928,277,0,217,0
"gene_900",0,0,2,95,0,0,118,11,0,30
"gene_901",40,1,7,0,133,0,4,3,1,0
"gene_902",0,0,359,63,0,147,60,4,0,0
"gene_903",5,0,1850,0,0,0,0,2443,0,0
"gene_904",1168,12,38,0,0,0,110,110,135,0
"gene_905",0,0,36,2,0,159,0,0,8,12
"gene_906",0,0,3,0,72,0,0,0,734,0
"gene_907",0,3,0,0,5,0,1078,218,9,0
"gene_908",35,0,27,38,840,133,1,0,3,2
"gene_909",0,40,502,18,0,31,0,0,2,0
"gene_910",0,35,1,0,0,0,389,0,1,0
"gene_911",1,11,0,0,0,0,6,0,20,4
"gene_912",16,0,25,484,151,35,736,0,65,1
"gene_913",0,0,9,5,0,0,0,2412,773,0
"gene_914",171,159,0,0,0,0,0,47,0,0
"gene_915",711,0,0,0,430,0,0,0,0,25
"gene_916",1,662,0,0,0,0,0,1633,33,0
"gene_917",828,0,0,0,312,116,0,0,0,45
"gene_918",24,0,24,0,0,1,3,0,514,0
"gene_919",0,83,126,305,5,0,1,0,3,1
"gene_920",62,0,5,0,0,0,0,0,74,0
"gene_921",0,2,7,0,0,282,0,0,4,4
"gene_922",0,0,26,0,2671,0,674,0,0,214
"gene_923",0,0,0,6,0,0,824,40,209,816
"gene_924",0,43,0,13,1049,0,2193,1869,568,0
"gene_925",0,8,0,9,0,11,104,766,0,0
"gene_926",0,23,9,0,3,0,0,0,805,139
"gene_927",116,3,148,0,9,0,0,0,0,0
"gene_928",38,96,0,0,0,0,2,17,0,4
"gene_929",35,130,0,0,0,0,1,26,0,0
"gene_930",0,52,495,61,7,0,7,56,0,0
"gene_931",6,3,0,13,3,0,0,3051,916,5
"gene_932",0,0,1244,0,316,0,0,0,13,0
"gene_933",28,2,0,0,111,0,0,0,295,85
"gene_934",27,536,0,0,0,273,1,1,2,170
"gene_935",0,208,0,0,0,38,0,284,0,76
"gene_936",1,4,0,0,0,0,44,0,0,0
"gene_937",1,0,13,0,6,0,0,1,163,49
"gene_938",0,2,0,0,0,17,315,1,0,2298
"gene_939",0,16,2,458,0,0,0,111,0,22
"gene_940",0,0,59,47,0,0,128,0,0,294
"gene_941",0,0,2,187,0,0,62,0,3,13
"gene_942",281,1,0,1,291,0,1,4,19,1
"gene_943",0,0,24,0,1,0,13,67,0,317
"gene_944",0,14,0,17,0,79,28,0,0,0
"gene_945",93,1,0,0,0,30,110,0,0,130
"gene_946",0,0,0,0,0,3,0,13,0,364
"gene_947",0,0,0,1,0,0,50,0,0,0
"gene_948",0,0,1,87,0,29,5,0,635,0
"gene_949",26,0,0,0,0,0,2,310,0,9
"gene_950",0,0,0,40,3,0,0,0,0,0
"gene_951",0,0,21,36,0,0,897,0,0,0
"gene_952",0,1,0,353,0,0,53,0,31,0
"gene_953",120,2,3,0,1,0,0,2,232,101
"gene_954",0,7,172,13,0,0,0,102,0,0
"gene_955",864,0,1,211,1456,0,0,0,66,4
"gene_956",0,264,6,575,826,1,41,1,39,4
"gene_957",0,0,11,37,0,2913,2,0,323,0
"gene_958",0,289,9,0,0,0,0,13,1005,0
"gene_959",0,6,0,0,0,0,0,0,4,0
"gene_960",21,0,564,0,0,0,0,0,108,6
"gene_961",1,0,0,1,8,0,0,0,1,0
"gene_962",2,0,14,39,0,0,0,16,1,7
"gene_963",491,24,1,0,6,0,0,0,0,7
"gene_964",0,3,0,10,27,0,29,1,378,0
"gene_965",0,51,0,1306,0,31,3,0,90,485
"gene_966",1253,700,1,70,0,33,16,7,1,0
"gene_967",264,0,0,85,0,542,3,9,72,834
"gene_968",3,923,8,238,68,132,0,21,0,0
"gene_969",0,0,32,0,2,0,6,0,0,17
"gene_970",0,707,0,204,87,130,1882,83,4,0
"gene_971",535,58,0,0,0,0,0,0,2582,1256
"gene_972",71,0,86,0,455,0,205,6,734,149
"gene_973",0,57,1908,0,2,0,0,7,0,2
"gene_974",0,1538,1,494,12,3,0,0,0,130
"gene_975",5,0,0,1,116,2568,0,4,0,0
"gene_976",0,1,0,0,47,0,50,8,5,0
"gene_977",0,0,29,0,4,0,659,0,18,26
"gene_978",608,0,0,202,51,1,12,25,232,0
"gene_979",28,201,0,12,22,1,1,0,0,441
"gene_980",3,0,368,9,0,0,34,0,65,0
"gene_981",57,0,0,0,18,0,0,0,102,874
"gene_982",0,1,0,1,2,0,0,0,0,83
"gene_983",0,0,0,0,0,50,0,0,514,267
"gene_984",1,0,3,0,0,0,0,0,61,0
"gene_985",0,0,54,78,26,858,215,458,1061,0
"gene_986",371,0,0,7,0,692,5,4,107,0
"gene_987",0,1,380,0,223,7,0,3,0,0
"gene_988",0,5,0,957,161,5,447,450,0,60
"gene_989",0,0,0,68,27,12,1809,0,0,0
"gene_990",2,0,11,0,0,1328,0,2,76,0
"gene_991",4,66,1069,0,0,300,0,29,44,7
"gene_992",0,0,0,0,9,0,0,921,907,6
"gene_993",1122,44,0,3,4,0,0,6,142,0
"gene_994",242,0,2,17,0,739,1,0,378,341
"gene_995",44,60,0,1,118,0,119,0,1,24
"gene_996",10,0,295,50,90,0,0,2189,0,0
"gene_997",153,7,13,0,0,26,48,4,0,3
"gene_998",0,0,0,2,0,100,689,1,46,0
"gene_999",365,678,131,0,420,0,813,0,0,0
"gene_1000",1,0,43,38,5,0,28,15,0,0
