"gene_id","baseMean","dispGeneEst","dispFit","dispersion","dispOutlier"
"gene_1",19.2576268881266,10,8.02799026877136,9.59343580018267,FALSE
"gene_2",359.964083638244,5.65488763712743,7.53207563986206,6.4967757558241,FALSE
"gene_3",645.150341248226,4.97519165770012,6.16170604667134,5.52438683683859,FALSE
"gene_4",53.2628289928655,10,7.90068053528132,10,TRUE
"gene_5",215.912344292882,10,7.83483466691851,10,TRUE
"gene_6",245.116609119241,10,7.83134823885123,10,TRUE
"gene_7",31.9663830994647,9.34908632970857,7.98362297982852,8.55320905913868,FALSE
"gene_8",24.1978047927759,10,8.01820030948398,9.95017390587853,FALSE
"gene_9",82.3548783461767,10,7.80894090301616,10,TRUE
"gene_10",300.837774235975,9.46673583523676,7.73830117465488,8.57886085976017,FALSE
"gene_11",179.79004379514,8.51780338652278,7.80026633083414,8.15210449432995,FALSE
"gene_12",118.170010374491,6.53328142000352,7.75142666988631,7.24290032326013,FALSE
"gene_13",929.775332684686,2.84792884182514,5.03778165620419,3.64940332935362,FALSE
"gene_14",159.407060402989,8.70673675832158,7.77035204447318,8.22980933334441,FALSE
"gene_15",684.100302176048,4.54214268212627,5.98722510914455,5.13460019019043,FALSE
"gene_16",455.13495652176,5.22560411652833,7.08524869045253,5.96696793296399,FALSE
"gene_17",22.5754992376071,3.60851503811164,8.02339466585142,5.87037176340052,FALSE
"gene_18",13.2127371088958,10,7.98825970918256,9.27089178590406,FALSE
"gene_19",281.791899335403,10,7.78240366346077,10,TRUE
"gene_20",156.635781519236,9.98686902342157,7.7664110077694,9.98686902342157,TRUE
"gene_21",18.1448488643932,10,8.02665963183068,9.51164111333109,FALSE
"gene_22",34.9214771262918,9.5158828847398,7.96969597932352,8.61562251485659,FALSE
"gene_23",354.99091427629,3.42932805377978,7.55272746577651,5.03045538473249,FALSE
"gene_24",7.05234709702205,10,7.78636024064559,10,TRUE
"gene_25",29.6528595370654,5.98940921871256,7.99463171022835,7.15300392610429,FALSE
"gene_26",105.275740133499,9.26432966807655,7.76496949399743,8.49572413203978,FALSE
"gene_27",106.043128208363,10,7.76395259843661,10,TRUE
"gene_28",294.267866804084,10,7.75488146627601,10,TRUE
"gene_29",44.1821287426378,10,7.93104248770942,10,TRUE
"gene_30",77.1083099815028,10,7.82287678231516,10,TRUE
"gene_31",295.50301232351,5.39915784885325,7.75187225728988,6.44287212088267,FALSE
"gene_32",312.193553314906,8.36392437349601,7.7063891382885,8.02798549307577,FALSE
"gene_33",127.444952747508,10,7.74602267339773,10,TRUE
"gene_34",69.8253016654219,9.71554020452259,7.84453859760317,8.479554085547,FALSE
"gene_35",10.6968012667907,7.67387736143024,7.93645140473541,7.8267828598226,FALSE
"gene_36",324.394175821631,9.2340624404523,7.66771787731465,8.42940896785343,FALSE
"gene_37",107.171380324159,6.69259890806715,7.7625077049635,7.23811065482315,FALSE
"gene_38",425.895305481917,10,7.22924938496547,10,TRUE
"gene_39",205.995104491582,5.92648436714764,7.82912413215068,6.77249970824478,FALSE
"gene_40",138.952088134525,10,7.74717375783838,10,TRUE
"gene_41",162.585105458852,6.43923975246108,7.77500026308642,7.22113299275484,FALSE
"gene_42",265.195034112283,6.62797262403889,7.81061652959972,7.2287792745451,FALSE
"gene_43",169.281623406506,5.98654732126856,7.78498857360434,6.70086152713381,FALSE
"gene_44",203.375352662934,5.93694720076198,7.82708042694922,6.89735828057661,FALSE
"gene_45",187.712615837991,10,7.810742067696,10,TRUE
"gene_46",442.992452335264,3.90261972234708,7.14540922838806,5.02747723514097,FALSE
"gene_47",145.017927639447,6.47977227492381,7.7521438920795,7.1272603421131,FALSE
"gene_48",50.9495287373503,10,7.90853121217813,10,TRUE
"gene_49",585.614110863501,8.32186513136502,6.44044776599431,8.32186513136502,TRUE
"gene_50",169.45459118976,9.68807797311744,7.78524678292132,8.57857973049985,FALSE
"gene_51",10.9383297209917,10,7.94280310437874,10,TRUE
"gene_52",224.218783025437,10,7.83700977172903,10,TRUE
"gene_53",78.4056183619782,10,7.8192965805173,10,TRUE
"gene_54",86.4330720270265,10,7.79911634678639,10,TRUE
"gene_55",98.6954500575924,3.51127225007998,7.77485306410243,5.39448840294333,FALSE
"gene_56",37.472282086898,10,7.95814310420314,10,TRUE
"gene_57",48.7050087971132,8.2305443592091,7.91586826483721,8.04677519000246,FALSE
"gene_58",17.1243929210422,10,8.02355606510695,10,FALSE
"gene_59",4.48277364351161,4.45486389897039,7.55389349291333,6.06631996460255,FALSE
"gene_60",14.0953824565517,10,8.00016874325777,10,FALSE
"gene_61",19.9836668883026,10,8.02792891844452,10,FALSE
"gene_62",3.2797315506636,10,7.3486305923091,10,TRUE
"gene_63",33.4094912947201,10,7.97677201048568,10,FALSE
"gene_64",28.4337514398036,6.62777701117079,8.00033589121082,7.54041393126044,FALSE
"gene_65",0.706775669012348,1e-08,5.96731497367086,4.84796444134851,FALSE
"gene_66",169.962434016116,3.8688643756102,7.78600432620384,5.58418057276331,FALSE
"gene_67",182.924578576329,7.20495595770522,7.80455165810682,7.47427181548163,FALSE
"gene_68",2.50757817075093,10,7.15116853477024,10,TRUE
"gene_69",108.548918728561,10,7.76082375796586,10,TRUE
"gene_70",222.560699070773,10,7.83677189643145,10,TRUE
"gene_71",61.1513506689578,10,7.87327256649031,10,TRUE
"gene_72",68.4963465535822,10,7.84875873539909,10,TRUE
"gene_73",33.4742606196053,4.65765124425708,7.97646631367288,6.34251560355243,FALSE
"gene_74",25.281682678816,9.14938075739623,8.01408040173199,8.48721263206811,FALSE
"gene_75",97.7879043932748,5.12245310396928,7.77638358903423,6.29871804975038,FALSE
"gene_76",61.9334886540152,6.77627367101903,7.87058445813603,7.33212185183732,FALSE
"gene_77",38.5755589994721,10,7.95333504341678,10,TRUE
"gene_78",51.6948680426447,9.46111764925158,7.90602690659049,8.42561890110102,FALSE
"gene_79",6.47445393323064,4.50916572098603,7.74925823315427,6.43973808976803,FALSE
"gene_80",5.28047845444173,10,7.64792086104767,10,TRUE
"gene_81",104.584284671395,10,7.76590963118667,10,TRUE
"gene_82",4.55513089699056,10,7.56353835835159,10,TRUE
"gene_83",15.4974105126767,3.79601387109559,8.01397871859113,5.95774570334407,FALSE
"gene_84",15.9820102125915,7.79700044840506,8.01748942086689,7.92415914067781,FALSE
"gene_85",132.604188907698,4.31750260794038,7.74492958334786,5.65347985938434,FALSE
"gene_86",151.535577245579,10,7.75958998939914,10,TRUE
"gene_87",390.478217123819,6.41768977002422,7.39739609288356,6.81147655756572,FALSE
"gene_88",2.12558787570006,10,7.02033794770597,10,TRUE
"gene_89",83.0477655790134,4.15993548495672,7.80720921495903,5.57964255273621,FALSE
"gene_90",41.6668443747689,10,7.94057783255115,10,TRUE
"gene_91",127.28454579044,6.45160486197392,7.7460876102819,7.03014262181118,FALSE
"gene_92",116.311946108255,6.34445660559645,7.75292896080622,6.97488175397917,FALSE
"gene_93",49.755428654001,10,7.91247799942113,10,TRUE
"gene_94",46.3703277402275,4.96305515515214,7.92339402117296,6.27211404744378,FALSE
"gene_95",33.2147207545928,5.63885441017428,7.97769242204552,6.68473742008657,FALSE
"gene_96",88.5951234333411,10,7.79426703328353,10,TRUE
"gene_97",268.006347304363,10,7.80653088642225,10,TRUE
"gene_98",32.8553955737903,10,7.97939454005767,10,FALSE
"gene_99",171.166330245482,10,7.7877958492716,10,TRUE
"gene_100",21.2971759218961,10,8.0263478211037,10,FALSE
"gene_101",141.274394684695,5.99995031436802,7.74880197355312,6.8888006006405,FALSE
"gene_102",14.3899203142801,10,8.0035580021471,9.99549920995968,FALSE
"gene_103",125.588674017798,10,7.74683392608522,10,TRUE
"gene_104",366.516950748528,10,7.50423949245045,10,TRUE
"gene_105",177.890432837849,9.99181577790766,7.79759386217429,9.99181577790766,TRUE
"gene_106",27.478900095237,5.32793738529201,8.00469432733448,6.68527620564831,FALSE
"gene_107",222.302809030625,6.06091962758699,7.83672601229117,6.84990738051959,FALSE
"gene_108",213.092656258598,7.35181845348945,7.83354701937598,7.62796284252704,FALSE
"gene_109",129.405707782432,10,7.7453102403641,10,TRUE
"gene_110",18.1844113979813,10,8.02674074791747,10,FALSE
"gene_111",17.2175301772628,8.44164959780636,8.02392470264498,8.19734394842144,FALSE
"gene_112",25.3454298348349,9.78424302997943,8.01382544623801,8.75220494679969,FALSE
"gene_113",15.9065655446431,10,8.01698173482536,10,FALSE
"gene_114",196.797498370853,8.16161896642926,7.82103361705046,7.98921373768847,FALSE
"gene_115",61.4106507872428,10,7.87237986930052,10,TRUE
"gene_116",29.9395946742521,9.19371957837546,7.99327515137159,8.49339947631435,FALSE
"gene_117",0.345850902478837,10,5.1980362215281,10,TRUE
"gene_118",51.1836344821512,6.67510867868891,7.90774766087864,7.30240008602069,FALSE
"gene_119",135.83048975553,6.38164117981752,7.74562557639857,6.99199562805893,FALSE
"gene_120",102.10491885881,3.62920416806201,7.76946887852905,5.95471803985642,FALSE
"gene_121",318.907710688386,10,7.6856534908901,10,TRUE
"gene_122",72.7935986216452,7.55077997858123,7.83539979544194,7.69544788706383,FALSE
"gene_123",178.394696528501,6.96143686506592,7.79830831508935,7.33785644960433,FALSE
"gene_124",31.2341240419933,10,7.98711519208989,9.90512806813393,FALSE
"gene_125",135.583000485239,8.78894114735856,7.74553769142961,8.25553929965635,FALSE
"gene_126",117.639543322098,2.8375548236772,7.75184077867459,4.71799425532912,FALSE
"gene_127",24.9752940939575,10,8.01528755845201,10,FALSE
"gene_128",149.729713366154,10,7.75735735490263,10,TRUE
"gene_129",1.54308055164602,4.15135986015099,6.74246783812626,5.97295479366468,FALSE
"gene_130",198.851166802718,10,7.82305723174565,10,TRUE
"gene_131",183.414750575276,9.21960517578316,7.80520623392583,8.49238119676423,FALSE
"gene_132",71.5720925230703,8.92574074259753,7.83911099709082,8.29134952646421,FALSE
"gene_133",79.7767445289454,8.09982360780089,7.815608045935,7.91208142916092,FALSE
"gene_134",5.80722093208276,6.47548030675588,7.69749708500991,7.19830954810004,FALSE
"gene_135",151.361781747537,5.72628635971188,7.75937032771618,6.62977454991417,FALSE
"gene_136",109.744149644398,10,7.75943327840687,10,TRUE
"gene_137",94.5868938816439,10,7.7821148389585,10,TRUE
"gene_138",112.564669727898,10,7.75640758861158,10,TRUE
"gene_139",110.711227473894,3.16739598697797,7.75835569400188,4.94190669475322,FALSE
"gene_140",8.67541169982209,10,7.86792468100464,10,TRUE
"gene_141",19.8605343246409,8.57421634244038,8.02798457883151,8.25528154554801,FALSE
"gene_142",8.86698645515997,10,7.87577803108054,10,TRUE
"gene_143",35.8512840341613,3.45946055197972,7.96542095600827,5.2067990455592,FALSE
"gene_144",143.080934656173,10,7.75031314196797,10,TRUE
"gene_145",219.514502188378,6.83368758898285,7.83607820146575,7.34233712742753,FALSE
"gene_146",291.693284814094,10,7.76099133430588,10,TRUE
"gene_147",215.253785697692,3.86874250197753,7.83455840117774,5.39124955669914,FALSE
"gene_148",323.691464300462,10,7.67006391489958,10,TRUE
"gene_149",7.77045386316345,7.23599367629157,7.82606338510081,7.5822059732049,FALSE
"gene_150",81.471231763609,10,7.81118637740431,10,TRUE
"gene_151",92.6435206593885,4.67166559771049,7.78585087544245,6.05542653347802,FALSE
"gene_152",139.96509098819,10,7.7478378207273,10,TRUE
"gene_153",205.756632372555,7.11697988212387,7.8289470325455,7.43658822647995,FALSE
"gene_154",175.977009842109,10,7.79485288509249,10,TRUE
"gene_155",175.924457882209,1.15905873580198,7.7947769805877,4.44428357177759,FALSE
"gene_156",34.2654290087307,10,7.97274956889825,10,FALSE
"gene_157",182.770905867528,10,7.80434553313794,10,TRUE
"gene_158",36.3379748328155,10,7.96321102827323,10,TRUE
"gene_159",118.767799563814,4.15497286107808,7.75097404666289,5.56121192137443,FALSE
"gene_160",65.4799219858812,6.98610761214292,7.85860510763128,7.42946847298905,FALSE
"gene_161",16.0960038676915,8.20690500779283,8.01823010257776,8.09692728182193,FALSE
"gene_162",95.4578026127297,10,7.78050376301101,10,TRUE
"gene_163",277.095674001354,9.90745087568289,7.79137790732944,9.90745087568289,TRUE
"gene_164",26.501156431397,6.61287748556034,8.00900628788581,7.3220458579908,FALSE
"gene_165",88.1502853219359,10,7.79524449352049,10,TRUE
"gene_166",65.5302765941749,10,7.85843791446186,10,TRUE
"gene_167",84.6136848832074,7.0211749805778,7.80338981954187,7.41896843962565,FALSE
"gene_168",68.4422503375302,4.63666416692934,7.84893211900016,6.05454505586052,FALSE
"gene_169",10.4806350630851,10,7.93047392314869,10,TRUE
"gene_170",6.38614987970515,10,7.74302680846389,10,TRUE
"gene_171",50.876701173845,5.17944694363556,7.90877436367891,6.39397271473797,FALSE
"gene_172",71.3901690728397,10,7.83966973791503,10,TRUE
"gene_173",650.96230826687,6.47179941752148,6.1352590318893,6.31428747895977,FALSE
"gene_174",7.93393477398854,10,7.83425157787697,10,TRUE
"gene_175",358.08652259497,6.68295069486441,7.53992258413351,7.06776985548622,FALSE
"gene_176",239.076844814027,10,7.8346503409891,10,TRUE
"gene_177",195.839862614528,10,7.82004961481827,10,TRUE
"gene_178",156.287620503962,10,7.76592562523719,10,TRUE
"gene_179",8.94032043008947,8.01361975148145,7.87869914921641,7.93435532887335,FALSE
"gene_180",27.0018801555698,10,8.00682046346302,10,FALSE
"gene_181",105.182662784211,5.83256633044879,7.76509472559192,6.69162257285693,FALSE
"gene_182",71.81076182925,10,7.83838031912353,10,TRUE
"gene_183",71.9028290596718,10,7.83809917334597,10,TRUE
"gene_184",9.33979204135202,5.12312196183715,7.89382357733374,6.76071691488895,FALSE
"gene_185",102.94228601133,10,7.76823366101227,10,TRUE
"gene_186",240.812474916772,10,7.83384089216055,10,TRUE
"gene_187",59.0756071587331,10,7.88046308190436,10,TRUE
"gene_188",15.0410081104587,9.31512566369151,8.01010761826591,8.55179107365953,FALSE
"gene_189",229.319491329284,6.78267492941761,7.83711615144086,7.25456216504341,FALSE
"gene_190",79.0999079663325,5.05424772531342,7.81741652418537,6.28753408547624,FALSE
"gene_191",47.3416099093436,6.33643938630589,7.9201943772917,7.14084750376512,FALSE
"gene_192",2.4973409576813,10,7.14804089622877,10,TRUE
"gene_193",333.687562537387,8.03316862228283,7.63537662541972,7.85315703183796,FALSE
"gene_194",79.8186671636832,10,7.81549682245561,10,TRUE
"gene_195",4.16261526358547,10,7.50806944498851,10,TRUE
"gene_196",40.1617424928472,10,7.94665179429415,10,TRUE
"gene_197",67.4205703172096,10,7.85222939105652,10,TRUE
"gene_198",92.7029097902151,10,7.78573380200001,10,TRUE
"gene_199",21.650501252203,5.94167193834961,8.02565356580586,6.9983176768841,FALSE
"gene_200",0.302150884604226,1e-08,5.05042853916807,5.63684472493372,FALSE
"gene_201",36.599471964717,5.1016737203453,7.96203214920328,6.55219505986728,FALSE
"gene_202",163.666630412369,10,7.77660306277527,10,TRUE
"gene_203",66.0798800357546,7.44700794985166,7.85661897787636,7.65562343184368,FALSE
"gene_204",72.0476969424905,10,7.83765759935328,10,TRUE
"gene_205",54.1421742476631,6.34565432516176,7.89764752479797,7.13265979391126,FALSE
"gene_206",28.4223617508494,5.11609240905614,8.00038854954484,6.40086737200336,FALSE
"gene_207",117.110385682957,10,7.75226560561945,10,TRUE
"gene_208",135.331808633628,10,7.74545407548385,10,TRUE
"gene_209",90.6149110759643,2.82577915651582,7.78996046041026,4.49736693286845,FALSE
"gene_210",73.9418972658308,3.32711573438458,7.83197645108338,5.05788306154855,FALSE
"gene_211",28.1140937990904,9.16868437413905,8.0018081611757,8.48910408509064,FALSE
"gene_212",49.8493425173693,6.76151840176091,7.91217090288935,7.34578621468697,FALSE
"gene_213",219.067387824609,6.2932829221306,7.83594862667349,7.07585854835128,FALSE
"gene_214",5.070315162323,2.15899184499158,7.6255868021472,5.32611098460967,FALSE
"gene_215",50.1902240781752,10,7.91105123350321,10,TRUE
"gene_216",29.226179505433,4.62532754611119,7.99664145763572,6.12008162135065,FALSE
"gene_217",30.8691230772398,10,7.98885564789561,9.13445299482693,FALSE
"gene_218",78.3741439805676,5.47964022053449,7.81938240607974,6.51809553240781,FALSE
"gene_219",305.837581037303,10,7.72474995885427,10,TRUE
"gene_220",110.300019927471,6.0227100261382,7.75880873005562,6.79652493817298,FALSE
"gene_221",171.551740514957,7.92969374193959,7.78836780621419,7.85847460654689,FALSE
"gene_222",32.4287442337993,10,7.98142134238911,9.83026295990133,FALSE
"gene_223",278.097581026589,10,7.78952810846618,10,TRUE
"gene_224",24.3038072333176,4.92353419727843,8.01781703617588,6.98917298133301,FALSE
"gene_225",16.5069326225025,10,8.02064384845622,10,FALSE
"gene_226",36.8378781897353,10,7.96096275472351,10,TRUE
"gene_227",27.8173131480934,8.45468243804753,8.00316372165957,8.19185529946859,FALSE
"gene_228",147.812885247295,10,7.75511989428898,10,TRUE
"gene_229",7.82045749043964,10,7.82859925132427,10,TRUE
"gene_230",31.9228079516795,7.49509238417903,7.98383067204264,7.77994615544243,FALSE
"gene_231",78.0181174489356,9.02255399905098,7.82035682571642,8.40539018375797,FALSE
"gene_232",93.0888637452838,10,7.78497744208202,10,TRUE
"gene_233",98.3387355445935,4.54241166668891,7.77544971370627,5.80121297312439,FALSE
"gene_234",2.47256160373481,10,7.14039960956162,10,TRUE
"gene_235",32.7665519202572,10,7.97981612227118,10,FALSE
"gene_236",144.622824814294,8.63370825011434,7.75175398055866,8.11760655073876,FALSE
"gene_237",46.97622808292,10,7.92138392712232,10,TRUE
"gene_238",10.0146340403453,7.87169489050709,7.91658822962434,7.89509856140069,FALSE
"gene_239",19.1650117549258,10,8.02794936587874,10,FALSE
"gene_240",317.870976524499,10,7.68894342646337,10,TRUE
"gene_241",49.9433016945475,2.84404556405308,7.91186305381611,4.77966623284927,FALSE
"gene_242",63.3988928985217,9.48512481368519,7.86558903812158,8.54076098490236,FALSE
"gene_243",163.821648674742,9.13454926680446,7.77683341382476,8.43827773617387,FALSE
"gene_244",515.297605199611,10,6.78487149210028,10,TRUE
"gene_245",3.70434568518851,10,7.43220906207145,10,TRUE
"gene_246",42.2688635304567,10,7.93822443207731,10,TRUE
"gene_247",93.1722333792113,5.92744077298246,7.78481507762957,6.87237654838739,FALSE
"gene_248",31.1963213202273,6.39078273692565,7.98729550153272,7.20192742178996,FALSE
"gene_249",28.8921682853522,8.47969388447905,7.99820553210288,8.19939786459408,FALSE
"gene_250",81.6233403641862,5.23180817111016,7.81079689296067,6.54333592407915,FALSE
"gene_251",65.4833850295942,5.12073471183945,7.85859360636054,6.71261569217314,FALSE
"gene_252",112.626256577528,10,7.75634547361383,10,TRUE
"gene_253",12.3943514403967,9.44322359089956,7.97459699727893,8.45387112272328,FALSE
"gene_254",373.743611455337,7.24257555394636,7.47279232341537,7.36070689590256,FALSE
"gene_255",106.348679101472,10,7.76355541504017,10,TRUE
"gene_256",153.572075417159,10,7.76223238559348,10,TRUE
"gene_257",20.4222648759456,10,8.02759319404611,10,FALSE
"gene_258",79.9463628336338,10,7.81515860778814,10,TRUE
"gene_259",71.54609487722,4.26046218613042,7.83919074904388,5.83598167174154,FALSE
"gene_260",198.707561357747,6.30524698621611,7.82291963510814,7.07519540113546,FALSE
"gene_261",0,NA,NA,NA,NA
"gene_262",10.0001083520907,7.41529756796681,7.91613240610994,7.70715503717687,FALSE
"gene_263",52.3383407146729,6.00127862408422,7.90384415679637,6.96682075250985,FALSE
"gene_264",14.8735503824918,2.80657218686237,8.00854212966271,4.81643585891304,FALSE
"gene_265",3.66387985622995,10,7.42484479137712,10,TRUE
"gene_266",145.304213669864,4.93909575155982,7.75243144728223,6.185213606784,FALSE
"gene_267",13.685591850175,6.09267327778403,7.99497895143782,7.06275226913025,FALSE
"gene_268",385.551606181819,10,7.41992903196893,10,TRUE
"gene_269",38.9329921883851,10,7.95180474867977,10,TRUE
"gene_270",1.47195394503564,10,6.69912613990064,10,TRUE
"gene_271",53.9216951164831,9.75748871406564,7.8984098248678,8.67384913134406,FALSE
"gene_272",369.942644627641,10,7.48942537156692,10,TRUE
"gene_273",83.6014262367538,7.41507898607436,7.80584386079896,7.61371911509529,FALSE
"gene_274",19.0365413139861,10,8.02787303294191,9.35519030910033,FALSE
"gene_275",30.3588008300103,3.51376958437156,7.99128528150639,5.23879520237727,FALSE
"gene_276",14.9252327355828,8.51604642061368,8.00903384128419,8.21930438758701,FALSE
"gene_277",46.6286051581955,10,7.92253145504892,10,TRUE
"gene_278",63.7564144068208,7.11495098758907,7.86437940700043,7.49630810245363,FALSE
"gene_279",284.115841430398,6.35594619627643,7.7776790330471,6.92382075076781,FALSE
"gene_280",21.4594452918806,10,8.02604157377034,10,FALSE
"gene_281",177.465586069619,3.83598205072684,7.79698926534568,5.18236430090071,FALSE
"gene_282",68.9194675371048,3.88578718141058,7.8474068549004,5.63298613179614,FALSE
"gene_283",12.9283024104014,7.54521942623279,7.98381590105044,7.80069895603531,FALSE
"gene_284",8.12020935920747,7.06770906802191,7.84323005211565,7.521929580991,FALSE
"gene_285",64.0513468823241,10,7.86338445761655,10,TRUE
"gene_286",6.06272158210739,3.19656555748893,7.71863986331627,5.23129895313506,FALSE
"gene_287",129.833433816638,8.65127037942333,7.74519113598581,8.18704201545791,FALSE
"gene_288",4.98165666433805,10,7.61567832168524,10,TRUE
"gene_289",222.389902047798,10,7.83674177483918,10,TRUE
"gene_290",207.39978533375,7.17928245171852,7.83013042784634,7.55425365464338,FALSE
"gene_291",7.27137399630001,9.94523969640084,7.79915205298521,9.94523969640084,TRUE
"gene_292",156.153606086877,10,7.76573944692581,10,TRUE
"gene_293",59.1902392243956,5.43382137252441,7.88006431580069,6.52040146564384,FALSE
"gene_294",187.226098222851,5.24305540006317,7.8101348214533,6.38663989235264,FALSE
"gene_295",21.9002090383427,7.84101467220701,8.02510375659838,7.94774451218519,FALSE
"gene_296",15.8663258388201,5.64105143590314,8.01670519474268,6.84938884324476,FALSE
"gene_297",185.002990172385,10,7.80729574260152,10,TRUE
"gene_298",51.7047135355468,10,7.90599364514887,10,TRUE
"gene_299",15.3983801174546,10,8.01318665180003,9.1100693696262,FALSE
"gene_300",42.5463500886254,6.2785146402467,7.93715462078099,7.2399609532748,FALSE
"gene_301",29.3558042686853,10,7.99603217013463,8.96485827256184,FALSE
"gene_302",32.8920519323664,10,7.97922067715932,9.32664864573802,FALSE
"gene_303",182.481764859622,8.11302800663057,7.80395654058916,7.95595412264684,FALSE
"gene_304",338.052152153785,10,7.61936562774872,10,TRUE
"gene_305",30.9277788289707,8.77960358896175,7.98857605591483,8.31768306462607,FALSE
"gene_306",35.1051404798842,10,7.96884637179791,10,FALSE
"gene_307",60.8386786442745,8.66080495085167,7.87435087455387,8.19981520050585,FALSE
"gene_308",424.568112200843,3.54522137389377,7.2357022323154,4.81213021454373,FALSE
"gene_309",7.56403186048229,5.53793851415186,7.81529334155502,7.09001829485551,FALSE
"gene_310",235.921697206952,10,7.83583419318169,10,TRUE
"gene_311",56.1584422305292,4.86918953539172,7.89063783229041,6.40159468569355,FALSE
"gene_312",347.23815638866,4.90121135962796,7.58402439918227,5.95492559994879,FALSE
"gene_313",334.534740079398,10,7.63230918366972,10,TRUE
"gene_314",399.543840619362,10,7.35529805140295,10,TRUE
"gene_315",23.6998871155042,10,8.01993535690018,9.9947702788457,FALSE
"gene_316",78.0597870396947,10,7.82024243817777,10,TRUE
"gene_317",43.4385186733628,6.71692188109826,7.93377955944732,7.33343236447721,FALSE
"gene_318",64.3903496953167,4.56821528786437,7.86224420801485,6.02316966519817,FALSE
"gene_319",417.384164535654,10,7.27046224884536,10,TRUE
"gene_320",14.3878348527211,10,8.00353497016518,9.89681641258728,FALSE
"gene_321",3.22494772965987,8.68310645818658,7.33674348183359,7.6148373196942,FALSE
"gene_322",0.473451391652981,1e-08,5.53874527673315,4.42161990353429,FALSE
"gene_323",28.9117744290567,10,7.9981139768784,9.31438147804738,FALSE
"gene_324",120.232806765669,10,7.74992713999574,10,TRUE
"gene_325",59.1947455043643,7.60200511627568,7.88004864312253,7.74337662189317,FALSE
"gene_326",169.495926215894,10,7.78530847484794,10,TRUE
"gene_327",12.1293256480285,7.22766678571216,7.96956910839582,7.66068527542809,FALSE
"gene_328",12.4150476213397,10,7.97497662904672,10,FALSE
"gene_329",253.632926055217,10,7.82437883215065,10,TRUE
"gene_330",23.5259925248292,7.6728146275269,8.0205142291435,7.84978239547725,FALSE
"gene_331",199.349094119552,10,7.82352970790446,10,TRUE
"gene_332",40.6202618872465,10,7.94477307116138,10,TRUE
"gene_333",5.69702664119168,10,7.68782323183051,10,TRUE
"gene_334",72.741878192864,10,7.83555549145242,10,TRUE
"gene_335",76.4297144172811,5.93738294605674,7.82478412284502,6.78294503062717,FALSE
"gene_336",232.6797719121,10,7.83666514067018,10,TRUE
"gene_337",119.707921617313,7.68873062691744,7.75029210292851,7.71986439106819,FALSE
"gene_338",166.174231251854,10,7.780342227895,10,TRUE
"gene_339",146.785275395313,10,7.75398347111822,10,TRUE
"gene_340",56.576086809602,10,7.88918065911264,10,TRUE
"gene_341",179.755017605044,4.96873523407897,7.80021753599187,6.58278734069807,FALSE
"gene_342",149.973836405065,7.52310699725238,7.75765248560893,7.64252160659925,FALSE
"gene_343",17.079342638942,3.63027335093764,8.02337128810718,6.60108297191059,FALSE
"gene_344",156.569824155224,9.39354023897277,7.76631886852838,8.44392576187689,FALSE
"gene_345",42.6167933800271,10,7.93688454572777,10,TRUE
"gene_346",414.994070251413,10,7.28195863697721,10,TRUE
"gene_347",86.7935891462849,10,7.79829047594891,10,TRUE
"gene_348",278.561520129892,10,7.78865960168947,10,TRUE
"gene_349",88.925106342804,7.36410307194181,7.79354872036432,7.58243766876301,FALSE
"gene_350",359.167735336851,6.13750920219986,7.53541110850913,6.69556013689489,FALSE
"gene_351",28.8731067204286,5.15433425829744,7.99829451199958,6.59712699477652,FALSE
"gene_352",131.928948146251,10,7.74491526066844,10,TRUE
"gene_353",76.5544785073983,8.15037111454191,7.82443167411302,7.98616011803902,FALSE
"gene_354",6.41996699342525,10,7.7454339656469,10,TRUE
"gene_355",287.105050748056,8.26361099853152,7.77132888161001,8.01172244465441,FALSE
"gene_356",19.201533207615,8.67298663074423,8.02796689107229,8.24394117468595,FALSE
"gene_357",112.908618095331,3.85680327372988,7.75606283012393,5.37765118666084,FALSE
"gene_358",31.1256232192722,9.52783883179671,7.98763269057972,8.62908424224452,FALSE
"gene_359",56.2868298188311,7.84737112054695,7.89018997816169,7.8696683446375,FALSE
"gene_360",35.076128681754,9.08120591091135,7.96898041576795,8.4310660348597,FALSE
"gene_361",79.3075485206726,2.56459568576982,7.81685915952613,4.58098975493652,FALSE
"gene_362",32.2301404615798,5.63339608440061,7.98236650182166,6.68101354745744,FALSE
"gene_363",65.4573684513151,9.7343916758972,7.85868002155957,8.76835377419334,FALSE
"gene_364",475.213514858155,5.00901079832865,6.98512328317538,5.79567832696455,FALSE
"gene_365",261.747033034842,10,7.81523471626272,10,TRUE
"gene_366",76.3744112263292,8.94943839182586,7.82494060467911,8.37311392793724,FALSE
"gene_367",54.8708004476734,6.30080290632419,7.8951212191175,7.1121617991488,FALSE
"gene_368",48.2677264459708,5.24055510258229,7.91725299697937,6.58430293737531,FALSE
"gene_369",3.57343674891078,10,7.40795261135577,10,TRUE
"gene_370",115.135835925678,8.00962473833402,7.75395545750697,7.87998656799273,FALSE
"gene_371",13.4391543236453,10,7.99157830401221,9.32274386297916,FALSE
"gene_372",23.5116418015911,7.94902559910473,8.02056133801579,7.99028700435596,FALSE
"gene_373",175.357022955568,8.02262176734606,7.79395543495722,7.90713835592232,FALSE
"gene_374",3.12441126002547,3.00703770007411,7.31419450545062,5.29783981456437,FALSE
"gene_375",22.8007373788428,7.83912961591085,8.02275870321033,7.94540932427252,FALSE
"gene_376",4.1731110010325,10,7.50965812745375,10,TRUE
"gene_377",15.8820695783426,6.56896921096976,8.01681387001432,7.41722326742308,FALSE
"gene_378",189.097100409313,7.03303242016871,7.81244113216109,7.42928148797544,FALSE
"gene_379",47.9000853560946,6.74796631708193,7.91840904126578,7.34248139968044,FALSE
"gene_380",68.7476418833108,10,7.84795492589074,10,TRUE
"gene_381",12.8560837860201,8.7375591250896,7.98263727693061,8.29467752562719,FALSE
"gene_382",15.9885948968628,5.63880695842337,8.01753306682593,6.84934483434663,FALSE
"gene_383",155.060253067753,10,7.7642349252816,10,TRUE
"gene_384",68.4669789302213,9.86730891350613,7.84885284623762,9.86730891350613,TRUE
"gene_385",42.0303623246333,7.28636708469323,7.93915149032863,7.66612174479514,FALSE
"gene_386",154.847483555386,7.10491049210589,7.763945278215,7.43973335598614,FALSE
"gene_387",60.3467497907942,10,7.87605121564026,10,TRUE
"gene_388",124.751370861151,10,7.74724307906598,10,TRUE
"gene_389",38.1898389252046,10,7.95500172340877,10,TRUE
"gene_390",89.5832900943794,8.9532528130276,7.79213317222833,8.35797323052255,FALSE
"gene_391",276.527262560021,5.25618805229198,7.79241163978358,6.38035595514618,FALSE
"gene_392",53.5652627892622,4.36178508856058,7.89963968143356,6.73558556562849,FALSE
"gene_393",76.0430307326055,10,7.82588152480375,10,TRUE
"gene_394",27.8029024494788,6.63289457859049,8.00322924097244,7.32992399134913,FALSE
"gene_395",58.8135039570622,5.00117637103144,7.88137539563924,6.46633156996764,FALSE
"gene_396",201.069001869436,10,7.82510587285446,10,TRUE
"gene_397",48.0835562971511,10,7.91783118101988,10,TRUE
"gene_398",22.2124119099774,10,8.02435217231617,10,FALSE
"gene_399",26.6049493466918,5.03347520881278,8.00855744844225,6.54859539476027,FALSE
"gene_400",293.34781115914,4.53584288178683,7.75709020997791,5.79042652028625,FALSE
"gene_401",1.51165664833741,9.86603080817172,6.72364045572492,9.86603080817172,TRUE
"gene_402",215.822020026312,8.23773306328348,7.83479766386122,8.00247986501305,FALSE
"gene_403",78.0191004029983,10,7.82035412636165,10,TRUE
"gene_404",7.05373158995531,6.21703105346881,7.78644309902298,7.1434851999241,FALSE
"gene_405",85.0612675071812,6.3405595868631,7.80232215178528,6.9951468687115,FALSE
"gene_406",7.15110046272016,10,7.79220588109078,10,TRUE
"gene_407",1.13401393035999,10,6.4501750666097,10,TRUE
"gene_408",93.7988453234512,10,7.78360626698966,10,TRUE
"gene_409",89.6468383247263,10,7.79199771110611,10,TRUE
"gene_410",25.1785375454576,3.01550265450715,8.01449021186029,4.93387634433343,FALSE
"gene_411",95.8252559719634,10,7.77983567534146,10,TRUE
"gene_412",212.152052326397,8.2751496801544,7.833057106144,8.04920833051579,FALSE
"gene_413",120.764405466495,6.90466337081813,7.74956895113445,7.33437104883772,FALSE
"gene_414",35.4550160472763,10,7.96723476502941,8.90296327883066,FALSE
"gene_415",99.311950068307,10,7.77383688534461,10,TRUE
"gene_416",30.4716088423385,10,7.99074875989672,9.57929413613904,FALSE
"gene_417",28.4747572891736,6.52338762147487,8.00014619132232,7.37777150820474,FALSE
"gene_418",85.243479701265,5.40210187053768,7.80189055999417,6.62121379464362,FALSE
"gene_419",14.2357437571659,10,8.00181841897565,10,FALSE
"gene_420",120.590738851382,10,7.74968470446953,10,TRUE
"gene_421",40.7469491731515,10,7.9442583199455,10,TRUE
"gene_422",15.1851263709331,10,8.01139154659835,10,FALSE
"gene_423",84.7745764542687,6.97851709884689,7.8030047977241,7.39797650471592,FALSE
"gene_424",30.8300061243247,6.60913571847323,7.9890420761992,7.31142785090105,FALSE
"gene_425",4.83207556154144,8.20623318585252,7.59826468067457,7.78883769064733,FALSE
"gene_426",82.1521436391194,10,7.80945241432397,10,TRUE
"gene_427",26.4736462202303,10,8.00912485834262,10,FALSE
"gene_428",48.7269971765649,4.83788136439018,7.91579819585607,6.19505564235349,FALSE
"gene_429",126.416829684252,10,7.74645577539203,10,TRUE
"gene_430",24.0932164757842,10,8.018573848197,9.59906538930148,FALSE
"gene_431",179.883724499577,10,7.80039674410243,10,TRUE
"gene_432",150.739877641564,9.33916262090868,7.75859243505725,8.52683163676187,FALSE
"gene_433",56.1432792296101,10,7.8906907187815,10,TRUE
"gene_434",187.77500486181,7.33339335795958,7.81081956086985,7.54967985697623,FALSE
"gene_435",130.89049006304,4.13684394969942,7.74498966714389,5.54590172274152,FALSE
"gene_436",244.346111753904,10,7.83184530622074,10,TRUE
"gene_437",44.5494273991749,9.15445221138119,7.92971623486923,8.44034783503287,FALSE
"gene_438",209.84473411847,10,7.83172940153264,10,TRUE
"gene_439",57.5788011527544,10,7.88568060984946,10,TRUE
"gene_440",127.219038421267,10,7.74611440874748,10,TRUE
"gene_441",167.815069818405,8.08573145033796,7.78279651880269,7.93232348048926,FALSE
"gene_442",59.9387414442808,10,7.87746471432863,10,TRUE
"gene_443",71.2372945450243,10,7.84014045094843,10,TRUE
"gene_444",266.432959401037,10,7.80885278788193,10,TRUE
"gene_445",138.706473533566,10,7.74702404680667,10,TRUE
"gene_446",90.4238379322219,10,7.79035865412075,10,TRUE
"gene_447",31.9967012465327,4.85047037822479,7.98347849080975,6.44508850380996,FALSE
"gene_448",35.5346702658248,10,7.96686916663448,8.84091298823362,FALSE
"gene_449",166.299183662576,10,7.78052904743605,10,TRUE
"gene_450",57.8109557824368,4.18493648618048,7.88487044907244,5.82412163568503,FALSE
"gene_451",86.6710251724992,10,7.79857046885607,10,TRUE
"gene_452",70.2605400773052,8.90212682991007,7.84317329048192,8.19556681785893,FALSE
"gene_453",181.080878574847,7.8319922351601,7.80205106456829,7.80253949080397,FALSE
"gene_454",39.4432891516872,5.26083263354129,7.94964417418431,6.62559086408414,FALSE
"gene_455",87.9543627100121,5.47692762539831,7.79567833003819,6.50807444619206,FALSE
"gene_456",16.3867966950167,10,8.01997889022213,9.57288289010944,FALSE
"gene_457",28.209109181752,10,8.00137179524627,10,FALSE
"gene_458",54.1361168297509,10,7.89766848283151,10,TRUE
"gene_459",172.325424004654,10,7.78951319651039,10,TRUE
"gene_460",126.464726960442,4.90622711128883,7.74643470683814,6.16420516787234,FALSE
"gene_461",103.208804062566,10,7.7678476335473,10,TRUE
"gene_462",25.4445817471305,10,8.01342640299583,9.9754496628906,FALSE
"gene_463",302.326734525311,6.93723249694608,7.73434893397884,7.29513009765895,FALSE
"gene_464",94.0322687227645,10,7.78316115915691,10,TRUE
"gene_465",172.450273729021,9.40848391726999,7.78969765082373,8.46192037964263,FALSE
"gene_466",77.0375162429528,8.19538225637865,7.82307465802832,7.97843228912319,FALSE
"gene_467",73.038917732779,10,7.83466305815266,10,TRUE
"gene_468",14.9124049637381,10,8.00891251381998,10,FALSE
"gene_469",113.336783192942,10,7.7556409219818,10,TRUE
"gene_470",202.061271400869,7.11978034429814,7.82597517090282,7.43736864500409,FALSE
"gene_471",131.494081505367,8.01237184394758,7.7449319296157,7.87646963034806,FALSE
"gene_472",45.0200139094568,2.86049120909524,7.92804197423658,4.79234207324179,FALSE
"gene_473",316.076215424768,10,7.69456324799663,10,TRUE
"gene_474",67.5649624417499,10,7.85176081732094,10,TRUE
"gene_475",58.2515697714999,10,7.8833335180111,10,TRUE
"gene_476",12.4264453496674,10,7.97518490810472,8.68257802955867,FALSE
"gene_477",144.740897496821,10,7.75186964801381,10,TRUE
"gene_478",7.8363585972628,10,7.8293998166177,10,TRUE
"gene_479",205.312275289279,10,7.82861222313117,10,TRUE
"gene_480",114.162570559625,5.85991397368736,7.75484983704244,6.70554240666003,FALSE
"gene_481",119.037046808961,5.04186313060676,7.75077501892959,6.24568361301,FALSE
"gene_482",12.5582634215468,3.65446556786406,7.97755330921672,5.87333212017926,FALSE
"gene_483",45.2462882211803,6.93495338053888,7.92724693236049,7.51327619305245,FALSE
"gene_484",103.79309478256,10,7.76701331107589,10,TRUE
"gene_485",97.3110458465005,5.77710023778049,7.77720438828822,6.67006202694739,FALSE
"gene_486",57.9935347284093,10,7.88423345467108,10,TRUE
"gene_487",102.591298194175,10,7.76874727235581,10,TRUE
"gene_488",332.816058377241,7.96915079655005,7.63851167727634,7.81500495256173,FALSE
"gene_489",168.387118752213,4.31183733964685,7.78365201436959,5.66262349327102,FALSE
"gene_490",62.1173912218239,9.95267226898163,7.86995447737587,9.95267226898163,TRUE
"gene_491",427.228775749963,8.65839734450645,7.22275694038808,7.91641943790698,FALSE
"gene_492",53.4387320365903,7.63341331492887,7.90007546476145,7.78769376973938,FALSE
"gene_493",32.1065239148633,10,7.98295522621735,8.96142003066693,FALSE
"gene_494",22.4389830026701,9.04806450522405,8.02376475842536,8.44941129621121,FALSE
"gene_495",254.604768712946,6.79393447266917,7.82341192907313,7.25489661641267,FALSE
"gene_496",157.079197665881,7.44601241427886,7.76703262914409,7.59220888577845,FALSE
"gene_497",105.214053225563,4.90515363311726,7.76505244525492,6.17101528239789,FALSE
"gene_498",5.9171569940198,10,7.70680896108386,10,TRUE
"gene_499",88.0650052746386,10,7.79543308107363,10,TRUE
"gene_500",281.348957001253,10,7.78328296581586,10,TRUE
"gene_501",69.8074100473766,7.99987570362448,7.84459490243873,7.92110721948467,FALSE
"gene_502",0.0726605586541845,1e-08,3.46780090742648,4.54348375766607,FALSE
"gene_503",37.1744331536006,9.5805157412494,7.95946211295779,8.63452416253206,FALSE
"gene_504",12.65077960688,5.22028967956215,7.97917174316521,6.62291624891228,FALSE
"gene_505",357.107981864618,10,7.5439883936375,10,TRUE
"gene_506",42.6335413034448,10,7.93682042539885,10,TRUE
"gene_507",6.23350954594079,3.12481926212274,7.73183208241967,5.5318980928172,FALSE
"gene_508",85.8746219890413,8.91496992356138,7.80040930279774,8.34401326794419,FALSE
"gene_509",11.0385832417441,10,7.9453417671066,10,TRUE
"gene_510",24.7839959344082,10,8.01602514801216,9.26046438890581,FALSE
"gene_511",100.061376884358,10,7.77262707271204,10,TRUE
"gene_512",368.550079924098,9.61490131284156,7.49546815769068,9.61490131284156,TRUE
"gene_513",52.7545519642819,7.86652187654765,7.90242352308257,7.88564498971815,FALSE
"gene_514",262.597859290509,6.44190628553156,7.81413550818376,7.05357121695597,FALSE
"gene_515",104.553714251307,10,7.76595172076147,10,TRUE
"gene_516",105.254016835975,8.48864908506017,7.76499868507568,8.11814568639469,FALSE
"gene_517",159.75507327384,4.93237935999477,7.77085536499483,6.04589893952453,FALSE
"gene_518",119.304018355605,6.03331404879104,7.75058062716684,6.79826199882424,FALSE
"gene_519",91.1297344532448,10,7.78889712227754,10,TRUE
"gene_520",90.6016141801496,10,7.78998810880739,10,TRUE
"gene_521",4.01279547210147,10,7.48470342881802,10,TRUE
"gene_522",369.188267646498,10,7.49270233732142,10,TRUE
"gene_523",144.103881701172,10,7.75125440888441,10,TRUE
"gene_524",90.7702000708576,6.69844162297949,7.78963825401051,7.25343330032339,FALSE
"gene_525",232.424334648879,7.11957813865783,7.83671405975206,7.48390435552711,FALSE
"gene_526",417.210894436172,5.24571172042806,7.27129688618188,6.05321586000231,FALSE
"gene_527",34.4009408467963,3.07846395588015,7.9721165435013,4.72888836768654,FALSE
"gene_528",209.018962482089,6.83541818887268,7.83121124568083,7.34234501622934,FALSE
"gene_529",5.88072225752232,5.47451769081226,7.7037595517632,6.98768030548451,FALSE
"gene_530",13.6288598078702,10,7.99421517486057,8.67090532228665,FALSE
"gene_531",75.1258962719111,10,7.82851469197115,10,TRUE
"gene_532",7.53809209592889,10,7.81390477028309,10,TRUE
"gene_533",41.987227485277,7.69742884641646,7.93931989856932,7.82104078069057,FALSE
"gene_534",90.9311387590851,4.17189740950529,7.78930566179023,6.01720614008395,FALSE
"gene_535",149.865344972008,7.244375261208,7.75752105636784,7.50575014734315,FALSE
"gene_536",2.61106848164845,5.98018007079422,7.18191674378796,6.81717815706839,FALSE
"gene_537",7.79763300949561,4.26112497560312,7.82744520548705,6.33769822012294,FALSE
"gene_538",283.937977183197,5.18273053979829,7.77804722162168,6.33305871232649,FALSE
"gene_539",118.161338529822,10,7.75143334515908,10,TRUE
"gene_540",166.792955733541,8.88639534073848,7.78126750605078,8.320193289153,FALSE
"gene_541",15.7105807268637,10,8.0155966112988,10,FALSE
"gene_542",50.513935860746,6.90255707167942,7.90998106930887,7.41386523942724,FALSE
"gene_543",124.212308276326,10,7.74752088149523,10,TRUE
"gene_544",82.3446890185355,4.86988566511897,7.80896655911776,6.36204641380176,FALSE
"gene_545",43.2808383106351,10,7.93436885597929,10,TRUE
"gene_546",126.310076538989,10,7.74650304765489,10,TRUE
"gene_547",151.833096659316,7.18262100663881,7.75996826472486,7.47597647584824,FALSE
"gene_548",31.1834606865915,10,7.9873568417306,10,FALSE
"gene_549",300.599874235062,3.80485545194565,7.73892604568726,5.3192596693445,FALSE
"gene_550",36.2100245337268,4.08768328921935,7.96379005136143,5.79309054608372,FALSE
"gene_551",123.515362183425,4.88819756559181,7.74789687641078,6.15831237665653,FALSE
"gene_552",68.1793938172094,4.9838686267442,7.84977633964977,6.25701609375598,FALSE
"gene_553",352.089607428809,7.50043063741245,7.5645727133002,7.52885796012977,FALSE
"gene_554",31.0458996196448,5.76292266076909,7.98801287919651,6.7566026873411,FALSE
"gene_555",76.7187695415275,10,7.82396878099877,10,TRUE
"gene_556",98.5231846870058,6.00061110724425,7.77514040379034,7.01137913572273,FALSE
"gene_557",110.111502070208,10,7.75901897312647,10,TRUE
"gene_558",168.631987273652,10,7.7840180673593,10,TRUE
"gene_559",12.9893597396091,9.56749172931673,7.98479626935455,8.63983201630774,FALSE
"gene_560",11.8751736614856,7.70696334914392,7.96444798015489,7.85634439121108,FALSE
"gene_561",164.502194457122,7.7705489160594,7.77784619386232,7.77839408572387,FALSE
"gene_562",103.426558961303,8.12480128639134,7.76753477704038,7.9433329729288,FALSE
"gene_563",121.871668150507,10,7.74885957037586,10,TRUE
"gene_564",405.102984380056,6.37575602784907,7.32912055923562,6.80496037980011,FALSE
"gene_565",214.284987234669,7.24479660235609,7.83412480443234,7.50890918227941,FALSE
"gene_566",56.9548390078143,10,7.88785864887326,10,TRUE
"gene_567",50.1118593780009,10,7.91130930931759,10,TRUE
"gene_568",21.5389988373951,10,8.02588354919512,8.86449668382409,FALSE
"gene_569",35.0403435897485,10,7.96914583870194,9.78500275664811,FALSE
"gene_570",103.006199636699,5.21825606741713,7.76814077534855,6.92154624884371,FALSE
"gene_571",72.9034522339218,7.1085278561619,7.8350695262415,7.47796578661095,FALSE
"gene_572",167.132679407428,10,7.7817756999147,10,TRUE
"gene_573",52.4914948264135,7.10328825744556,7.90332215032655,7.51084343521018,FALSE
"gene_574",121.021841571091,6.19512211679407,7.74939961094196,6.98531740674717,FALSE
"gene_575",202.819767206177,10,7.82661957489355,10,TRUE
"gene_576",10.7860328001521,6.63547436900441,7.93883742895273,7.40068469679657,FALSE
"gene_577",5.41833080550178,10,7.66173932848918,10,TRUE
"gene_578",24.0640843774959,5.23692368692741,8.0186770596242,6.64945359632252,FALSE
"gene_579",150.730491557861,10,7.75858079429433,10,TRUE
"gene_580",435.759492222714,9.26153721756666,7.18102490705523,9.26153721756666,TRUE
"gene_581",69.75527847029,6.7246844885225,7.8447590409666,7.29338914466505,FALSE
"gene_582",156.555318094899,4.76935374287554,7.76629861580979,5.94269967896719,FALSE
"gene_583",67.1075476168261,10,7.85324804315876,10,TRUE
"gene_584",12.2310745875149,10,7.97153634357446,9.70335853385154,FALSE
"gene_585",49.1555159303687,10,7.91442470447914,10,TRUE
"gene_586",57.8243739197906,7.55200711400812,7.88482362958272,7.72110184335101,FALSE
"gene_587",243.002249786074,4.45682907583394,7.83265919584365,5.62874754113235,FALSE
"gene_588",32.6535640382411,10,7.98035264848118,9.24478077972521,FALSE
"gene_589",66.3129939525168,10,7.85585081636572,10,TRUE
"gene_590",43.8189947488862,10,7.93237042819427,10,TRUE
"gene_591",42.7533871401227,3.40368218182913,7.93636260082083,5.15392525516743,FALSE
"gene_592",43.5690242882241,9.51343910525696,7.933294174372,8.45102617105679,FALSE
"gene_593",72.3042497754967,10,7.83687803463697,10,TRUE
"gene_594",27.695643193238,9.08454461914826,8.00371597510767,8.45419339324681,FALSE
"gene_595",41.9367263233306,7.54465778590713,7.93951735488569,7.74594922581906,FALSE
"gene_596",109.413882769756,6.52036931763357,7.75981098404744,7.1508164284506,FALSE
"gene_597",36.4525805530628,10,7.96269361386363,10,TRUE
"gene_598",203.618933254797,10,7.82727947749492,10,TRUE
"gene_599",71.7742892229066,9.55195735582985,7.83849180581623,8.55253427374499,FALSE
"gene_600",149.282125202196,10,7.75682199854137,10,TRUE
"gene_601",13.4334085850062,6.58760488326763,7.99149642064043,7.41092049409126,FALSE
"gene_602",247.757143381496,10,7.82947658271948,10,TRUE
"gene_603",20.6465853259598,9.12815505513418,8.02734331994161,8.48623619967156,FALSE
"gene_604",45.1990935997432,2.56728104973217,7.92741221961238,5.72168703699417,FALSE
"gene_605",9.93290685578263,10,7.91400481699905,10,TRUE
"gene_606",188.699481116306,8.08933782440882,7.81195762593534,7.94909449689922,FALSE
"gene_607",31.787906635454,6.09465973425933,7.9844738071046,7.05367748414722,FALSE
"gene_608",21.7576601669591,9.79862073082463,8.02542341017077,8.76408052148662,FALSE
"gene_609",78.8694222921282,10,7.81803785761809,10,TRUE
"gene_610",222.044839708245,10,7.83667772802147,10,TRUE
"gene_611",6.10963545800277,10,7.72233604661958,10,TRUE
"gene_612",11.5844791648586,5.23412929271555,7.9582131944498,6.62946200602114,FALSE
"gene_613",579.384695088085,10,6.47037983323673,10,TRUE
"gene_614",17.3527136910164,10,8.02442809485965,9.89723825156864,FALSE
"gene_615",69.7116344515765,10,7.84489654834025,10,TRUE
"gene_616",190.344255694863,4.23674994001355,7.81393373270969,5.62545638062257,FALSE
"gene_617",91.60151136829,10,7.78793489949728,10,TRUE
"gene_618",268.665095550071,9.50729183059733,7.80553216098997,8.63340590811245,FALSE
"gene_619",159.11281361664,10,7.76992778822861,10,TRUE
"gene_620",59.7547927861018,10,7.87810285035562,10,TRUE
"gene_621",112.045014965036,10,7.75693837298174,10,TRUE
"gene_622",472.679176850501,7.79968534308934,6.99778826957762,7.432421599797,FALSE
"gene_623",465.506908273212,10,7.03359716420586,10,TRUE
"gene_624",261.572976568242,10,7.81545631774745,10,TRUE
"gene_625",62.7281242714484,10,7.8678684738821,10,TRUE
"gene_626",45.3758650859414,10,7.9267945775055,10,TRUE
"gene_627",115.399677721002,10,7.75372003217795,10,TRUE
"gene_628",76.0386613242844,6.65006080733393,7.82589396866026,7.24664640179227,FALSE
"gene_629",95.1175615309118,4.53229982671206,7.78112853562821,5.80597378789002,FALSE
"gene_630",135.669063384053,5.62985295302035,7.74556763730118,6.46892595236943,FALSE
"gene_631",311.318809560348,7.55260035088857,7.70899016759181,7.62380064569313,FALSE
"gene_632",25.0325584402349,5.91899478343643,8.0150643002914,6.98210092850478,FALSE
"gene_633",5.06749771936384,2.822724084821,7.62527649782418,5.32110776414802,FALSE
"gene_634",2.14104315018874,2.79812909932186,7.02626494444724,5.4227592043324,FALSE
"gene_635",107.893665718573,9.30289952223435,7.76161382861801,8.51069626185222,FALSE
"gene_636",210.41820175359,10,7.83207597907399,10,TRUE
"gene_637",54.9731030903521,10,7.89476576443784,10,TRUE
"gene_638",15.688935546836,10,8.01543767877156,10,FALSE
"gene_639",129.649589672167,6.51760946269439,7.74523962138972,7.06920498529503,FALSE
"gene_640",80.9240176011427,10,7.81259770115239,10,TRUE
"gene_641",40.2129765017348,8.22132937126345,7.94644065782155,8.06025144543139,FALSE
"gene_642",8.25134528238283,10,7.84933490684093,10,TRUE
"gene_643",70.910526974955,9.13296441417945,7.84115021641025,8.27471982660854,FALSE
"gene_644",134.875532135163,10,7.74531682581264,10,TRUE
"gene_645",84.4995185859871,6.33834453944137,7.80366386247102,7.17715586071458,FALSE
"gene_646",93.638078780926,10,7.78391446594418,10,TRUE
"gene_647",316.374973008307,4.22114891263627,7.69363444526747,5.56751222438226,FALSE
"gene_648",61.676368704088,8.35254944702171,7.87146661338538,8.07072496300604,FALSE
"gene_649",62.4529268521032,10,7.86880723370325,10,TRUE
"gene_650",20.1464257802706,6.07394568906179,8.02782884203344,7.06806841124758,FALSE
"gene_651",312.761658578844,3.48505368061271,7.70468735946639,4.92130544411886,FALSE
"gene_652",21.6702624122734,10,8.02561178901922,9.70200549529394,FALSE
"gene_653",171.098599444883,5.73198345473192,7.78769524869829,6.64455093712036,FALSE
"gene_654",10.188282371214,10,7.92192764164775,10,TRUE
"gene_655",146.924076666821,6.16548580726392,7.75413422372065,6.87359973334318,FALSE
"gene_656",177.808790815302,4.25492534225489,7.79747786412609,5.63124740996415,FALSE
"gene_657",44.0718971505821,10,7.93144383710487,10,TRUE
"gene_658",39.5635721410505,10,7.94913911606853,10,TRUE
"gene_659",72.4362368485779,7.63324132902713,7.83647819626422,7.7369009409364,FALSE
"gene_660",4.93482902108459,10,7.6103226579197,10,TRUE
"gene_661",12.3500575604674,2.31420567484338,7.97377826298063,4.50609667064397,FALSE
"gene_662",113.976679999834,6.24312515423596,7.75502532509762,6.92007336454545,FALSE
"gene_663",85.8648189708247,6.80845643128559,7.80043214767134,7.37632977995131,FALSE
"gene_664",1.71854875104636,10,6.83919815512786,10,TRUE
"gene_665",59.0243143372057,6.5233767410053,7.88064156081877,7.29988490002004,FALSE
"gene_666",35.596958982736,10,7.96658361972906,10,TRUE
"gene_667",189.541990755766,10,7.81297777956522,10,TRUE
"gene_668",236.848229389296,6.51413155629583,7.83552498986946,7.10489003989797,FALSE
"gene_669",84.6213664094726,8.5491326711179,7.80337140588131,8.16736205291406,FALSE
"gene_670",91.1243464389174,7.31409470044048,7.7889081788826,7.59107252994434,FALSE
"gene_671",4.08692706491979,2.11030268554469,7.49642820131859,4.5910920439764,FALSE
"gene_672",6.81735658455656,9.59225146969034,7.77191274211336,8.35767846582343,FALSE
"gene_673",192.549394241934,10,7.81648070843811,10,TRUE
"gene_674",61.4031804517198,10,7.87240556719351,10,TRUE
"gene_675",18.3580590153269,10,8.02706527390504,9.33739585697287,FALSE
"gene_676",88.0127717937751,7.61946591494954,7.79554878024144,7.72153841897979,FALSE
"gene_677",18.7300739604175,6.20270194515418,8.02759522255551,7.42805718631724,FALSE
"gene_678",50.3916193627063,7.58351389579845,7.91038619781325,7.74978533740196,FALSE
"gene_679",174.342924193376,10,7.79247876718069,10,TRUE
"gene_680",471.483708385536,8.71742901651007,7.00376061802204,7.92259089070138,FALSE
"gene_681",195.659308841653,10,7.81986126921258,10,TRUE
"gene_682",25.7807968463338,10,8.01205176783972,9.00116448927466,FALSE
"gene_683",51.6345370010616,10,7.90623062785722,10,TRUE
"gene_684",60.7644133570149,5.35330869953254,7.87460727919348,6.63438257770469,FALSE
"gene_685",66.482975318226,3.60332763098914,7.85529197082384,5.23891914919735,FALSE
"gene_686",70.7078579790037,7.18329799083706,7.84177895998017,7.5185675368341,FALSE
"gene_687",234.048094193085,7.46389774542205,7.83636196607649,7.6523961617717,FALSE
"gene_688",73.7503222949485,4.6285768427495,7.83254310428356,6.04585151100413,FALSE
"gene_689",29.6960283412268,5.67153029101896,7.99442775231191,6.84822004838943,FALSE
"gene_690",91.6977420700448,10,7.78774006098197,10,TRUE
"gene_691",73.6915952178919,4.78320393887146,7.83271717224141,6.13237348721299,FALSE
"gene_692",61.2081733267757,7.14787072678916,7.87307681908193,7.51544852187356,FALSE
"gene_693",56.4385379208621,10,7.88966066134746,10,TRUE
"gene_694",54.1831134994746,10,7.89750585822468,10,TRUE
"gene_695",287.79278411968,5.41835030477962,7.7698247319229,6.46631251992542,FALSE
"gene_696",1.25432062610885,3.41285774553108,6.54818815813262,5.68198234054425,FALSE
"gene_697",9.0710096435878,10,7.88379149436378,10,TRUE
"gene_698",175.308163446607,10,7.79388453112133,10,TRUE
"gene_699",16.1866129590068,10,8.01879647435758,9.80226081480278,FALSE
"gene_700",33.3374478967973,6.04424223117442,7.97711226499722,7.02363124671942,FALSE
"gene_701",174.030715480922,7.43985456637804,7.79202212362893,7.59969102210704,FALSE
"gene_702",17.5410090892652,8.11663973632577,8.02506796344539,8.06325734177206,FALSE
"gene_703",56.1599838476715,7.77811072363107,7.89063245525734,7.8364166192794,FALSE
"gene_704",71.750881946871,9.82080048705818,7.83856338832224,8.66501852544769,FALSE
"gene_705",108.995784100767,5.6383367674719,7.76029626017581,6.58290984332454,FALSE
"gene_706",182.627554523833,7.04555308536059,7.8041528655817,7.43162290211461,FALSE
"gene_707",29.4729029064197,10,7.99548077256191,9.04419135042403,FALSE
"gene_708",79.9427563457945,8.55810812322401,7.81516814814318,8.1777266119309,FALSE
"gene_709",102.714319171669,7.84148794062828,7.76856657334205,7.80387837337462,FALSE
"gene_710",374.549754914389,10,7.46923921310873,10,TRUE
"gene_711",48.6256467082246,10,7.91612082079882,10,TRUE
"gene_712",6.76056919391683,6.97040432912441,7.76830378149151,7.51390205028073,FALSE
"gene_713",139.749929309735,10,7.74769062234444,10,TRUE
"gene_714",4.70913591915029,10,7.5832634040482,10,TRUE
"gene_715",109.931315214144,5.8821800930897,7.75922142675779,6.72033864835881,FALSE
"gene_716",97.8183995445151,7.934439341032,7.77633148881583,7.84221205433111,FALSE
"gene_717",75.6912609011114,5.18713002988732,7.82688645245591,6.36259395137981,FALSE
"gene_718",36.3802725412355,10,7.96301993026103,10,TRUE
"gene_719",87.0749870158719,6.24229471870251,7.79765065640907,6.93763031108885,FALSE
"gene_720",45.0322997502117,10,7.92799863956342,10,TRUE
"gene_721",162.704845692901,10,7.77517730757529,10,TRUE
"gene_722",10.8129543325378,10,7.93954815891598,10,TRUE
"gene_723",126.034689254742,8.9135079037316,7.74662700401373,8.31565003667489,FALSE
"gene_724",139.450526710559,10,7.74749126069672,10,TRUE
"gene_725",63.6954945949996,6.12342558746673,7.86458525114285,7.007502001956,FALSE
"gene_726",91.2199603206046,10,7.78871219827947,10,TRUE
"gene_727",10.9305929039017,10,7.94260484032392,10,TRUE
"gene_728",197.51418159027,2.7406542399722,7.82175336660255,4.42729509815843,FALSE
"gene_729",24.9365599077253,7.75808148093264,8.01543793775839,7.90692208796415,FALSE
"gene_730",57.9492932977752,10,7.88438779217899,10,TRUE
"gene_731",77.7819806026617,10,7.82100675070926,10,TRUE
"gene_732",98.6593223921665,10,7.77491320220548,10,TRUE
"gene_733",69.2662920632579,10,7.84630444640911,10,TRUE
"gene_734",443.901330465159,8.72931158437409,7.14092088593105,7.90663319564969,FALSE
"gene_735",8.20707142199533,8.29447521501254,7.84729331398,7.98934881768213,FALSE
"gene_736",84.3543084872097,7.69831985583706,7.80401342645133,7.75312398981369,FALSE
"gene_737",27.6349136076724,10,8.00399081886381,8.66816689333898,FALSE
"gene_738",425.927053773712,10,7.22909491247145,10,TRUE
"gene_739",3.6211952350949,9.50185335969655,7.41694815697074,9.50185335969655,TRUE
"gene_740",147.324307242601,10,7.75457377251928,10,TRUE
"gene_741",89.1428716317689,5.11523179075741,7.79307784057741,6.30285264308307,FALSE
"gene_742",29.5902739848736,4.33259694744963,7.99492721752381,6.43306935888083,FALSE
"gene_743",122.68771849536,9.31244884492082,7.74836821441471,8.50725529116988,FALSE
"gene_744",350.380423709661,8.67017851189846,7.57147751453368,8.10554106818368,FALSE
"gene_745",487.814472345147,10,6.92210775692967,10,TRUE
"gene_746",123.591831626166,7.77465265339985,7.74785469120683,7.75868081925531,FALSE
"gene_747",103.973184308453,10,7.76675946169242,10,TRUE
"gene_748",259.965440960631,10,7.81745041945746,10,TRUE
"gene_749",12.2363802209816,10,7.97163764969572,9.08521925842619,FALSE
"gene_750",12.5766798011154,10,7.97787833304448,9.51776350379489,FALSE
"gene_751",6.17658475194056,5.08189816758647,7.72751514774262,6.89433027978619,FALSE
"gene_752",168.542177071577,7.3218296177893,7.78388382310598,7.55656978058624,FALSE
"gene_753",18.645743009569,10,8.02749416385879,9.13611136166247,FALSE
"gene_754",35.7002332420788,6.75544242977109,7.96611086460867,7.36911326926589,FALSE
"gene_755",89.7171199483907,4.67625764840815,7.7918481450723,5.89589667899361,FALSE
"gene_756",187.406890174241,5.97890205564716,7.81036108358559,6.79281072904043,FALSE
"gene_757",115.906659865773,6.71193835194268,7.75327602167585,7.17944058694835,FALSE
"gene_758",44.122379125502,9.64055752968724,7.93125984388673,8.49680766785752,FALSE
"gene_759",37.0323827164471,10,7.9600941868681,10,TRUE
"gene_760",301.027468014537,4.5452703157081,7.73780161673591,5.79258084554824,FALSE
"gene_761",164.360076746048,10,7.7776345070903,10,TRUE
"gene_762",150.947478612719,10,7.7588506703521,10,TRUE
"gene_763",104.846636935655,5.20483358604983,7.76555025121599,6.3415403908985,FALSE
"gene_764",15.1505168256443,10,8.01108848925021,10,FALSE
"gene_765",32.2739695373998,4.55451524226156,7.9821578405822,6.07904435658591,FALSE
"gene_766",77.1716634502057,7.33901077411402,7.82269992184913,7.66349372883592,FALSE
"gene_767",102.377882486645,10,7.76906248761099,10,TRUE
"gene_768",118.432351051632,6.73480239109892,7.75122620861627,7.18994927767369,FALSE
"gene_769",37.9194168477335,8.76477167263981,7.95617945885526,8.29384505156074,FALSE
"gene_770",57.3354316630416,10,7.88653007605375,10,TRUE
"gene_771",190.823369184177,10,7.81449728364672,10,TRUE
"gene_772",143.376780333512,10,7.75057927696948,10,TRUE
"gene_773",137.934634646725,9.97077344771836,7.74658339843784,9.97077344771836,TRUE
"gene_774",33.275910822259,9.80074203789682,7.97740308217617,8.7374379735163,FALSE
"gene_775",7.53558853003747,10,7.81377032914982,10,TRUE
"gene_776",41.729411913842,7.39373012100959,7.94033119188438,7.67181397356068,FALSE
"gene_777",466.260770829193,5.9674562146553,7.02983620620863,6.39770375103397,FALSE
"gene_778",43.1271901967821,7.94615328247784,7.93494606787831,7.93513752783712,FALSE
"gene_779",97.6049985041495,8.18439506460051,7.7766970623891,7.97791137858509,FALSE
"gene_780",247.838695802382,10,7.82941463342108,10,TRUE
"gene_781",0.558771375633677,1e-08,5.71731464092196,5.35838824835122,FALSE
"gene_782",208.11139907742,9.86788662681288,7.83061595217085,9.86788662681288,TRUE
"gene_783",68.9608977402913,10,7.84727489386286,10,TRUE
"gene_784",49.3565849794526,10,7.91377522044305,10,TRUE
"gene_785",54.9581702165716,10,7.89481765937461,10,TRUE
"gene_786",184.147565056098,8.99049582605395,7.80617641043088,8.38453093253518,FALSE
"gene_787",132.35029890914,5.26810901178389,7.74491854269115,6.24538910557897,FALSE
"gene_788",138.20982628472,9.67872162984502,7.74673524639141,8.6847540133388,FALSE
"gene_789",162.413706375775,7.6131790060402,7.77474703274924,7.69618172417057,FALSE
"gene_790",114.458159174954,10,7.75457387760575,10,TRUE
"gene_791",36.4913952873858,8.84053321860415,7.96251863980457,8.32857702432549,FALSE
"gene_792",39.8151837610299,6.89525070961317,7.94808789383243,7.43083683903156,FALSE
"gene_793",93.0511782160817,9.08168132571672,7.78505095401438,8.41620716526935,FALSE
"gene_794",10.9412550350196,10,7.94287798038271,10,TRUE
"gene_795",46.0123272021845,10,7.9246036912631,10,TRUE
"gene_796",34.2729024895684,10,7.97271462815246,9.23314587582741,FALSE
"gene_797",74.2397498700056,10,7.83109903602101,10,TRUE
"gene_798",333.872122089266,7.22292776100694,7.63471004439293,7.40949907527946,FALSE
"gene_799",17.5587598572319,10,8.02512466075376,10,FALSE
"gene_800",41.1551599644403,8.70010539904233,7.94261259830133,8.25719148333063,FALSE
"gene_801",6.78082626255048,10,7.769596544834,10,TRUE
"gene_802",16.0679138091621,10,8.01805051352683,10,FALSE
"gene_803",38.4100358798912,8.72237883772925,7.95404834008009,8.27306031507541,FALSE
"gene_804",119.051667849597,3.01467889559702,7.75076429676089,4.61709436093494,FALSE
"gene_805",125.664747804575,10,7.7467980924598,10,TRUE
"gene_806",108.995049970534,10,7.76029711927794,10,TRUE
"gene_807",86.2042965962048,10,7.79964401264903,10,TRUE
"gene_808",128.968116157285,10,7.74545416375704,10,TRUE
"gene_809",127.699597090296,5.40333449468696,7.74592157862282,6.77403946758581,FALSE
"gene_810",25.9267751927375,10,8.01144513611563,10,FALSE
"gene_811",51.1436385286302,8.04840731379298,7.90788173226886,7.97747442510078,FALSE
"gene_812",111.135538414679,8.57338410433426,7.75789618763611,8.15560111229583,FALSE
"gene_813",51.5623533391387,9.72341967812775,7.90647414906815,8.66477950135729,FALSE
"gene_814",49.9911065960127,7.58564261648972,7.91170619674983,7.75168919513872,FALSE
"gene_815",12.2558980277842,9.69193751634892,7.97200924526902,8.53167256559623,FALSE
"gene_816",19.3825211494504,10,8.02802717051774,9.98079406528812,FALSE
"gene_817",48.3353162848617,10,7.9170400729071,10,TRUE
"gene_818",87.5833006838633,10,7.79650556491089,10,TRUE
"gene_819",88.0433952451862,10,7.79548093056609,10,TRUE
"gene_820",111.180773374958,10,7.75784767643357,10,TRUE
"gene_821",34.3576206673786,10,7.97231878440002,10,FALSE
"gene_822",71.2606339359503,10,7.84006851698338,10,TRUE
"gene_823",4.72243045513879,9.55461928425401,7.58491673588665,9.55461928425401,TRUE
"gene_824",5.07352967680157,5.1809661382977,7.62594047665591,6.63676370037673,FALSE
"gene_825",317.389339672246,4.72077479493401,7.69046097909324,5.88028355215354,FALSE
"gene_826",100.215797397593,8.01322840632509,7.7723812479401,7.89099098822255,FALSE
"gene_827",1.12659385485933,3.91819981618671,6.4437226118322,5.75977847310036,FALSE
"gene_828",227.392507620718,10,7.8371875072443,10,TRUE
"gene_829",168.011206033585,4.21815992808639,7.78308988196137,5.78976055464929,FALSE
"gene_830",231.925293643983,3.81022157207352,7.83680267143723,5.1922044952429,FALSE
"gene_831",12.9182122383197,10,7.98365247253789,9.08258718749564,FALSE
"gene_832",374.479535036583,7.8520296222404,7.46954905545414,7.59853083137553,FALSE
"gene_833",191.555754468232,10,7.81534792918274,10,TRUE
"gene_834",22.582212502637,10,8.02337616200585,10,FALSE
"gene_835",89.1957669833373,10,7.79296384203781,10,TRUE
"gene_836",168.601572883109,3.77187784123491,7.78397260703237,5.1442126124826,FALSE
"gene_837",40.2070363078559,10,7.94646512194616,10,TRUE
"gene_838",49.1537625040564,10,7.91443035459221,10,TRUE
"gene_839",33.5608242259814,10,7.97605806174404,10,FALSE
"gene_840",65.4124465414227,2.33310917050203,7.85882928785064,4.17891171677218,FALSE
"gene_841",17.2907454149777,10,8.0242019581244,8.98153515719418,FALSE
"gene_842",391.138065782329,7.44866196006893,7.394358798845,7.42087595897401,FALSE
"gene_843",136.602175994776,10,7.74593388442706,10,TRUE
"gene_844",190.935917265022,10,7.8146288598261,10,TRUE
"gene_845",95.8331378720275,6.62476982790105,7.7798214203927,7.1459239396286,FALSE
"gene_846",51.1659098667244,6.04408254666058,7.90780708624293,6.98955670830731,FALSE
"gene_847",0.708806038605528,6.47424135028663,5.97033566918514,6.05570947204599,FALSE
"gene_848",91.4432017302797,8.96304304966317,7.78825648372063,8.36087133649385,FALSE
"gene_849",221.546613370095,8.66032856898427,7.83657772951618,8.18157768162045,FALSE
"gene_850",9.42139307125992,3.50959821195548,7.89675585478668,6.09011038130855,FALSE
"gene_851",58.2635383292952,4.42665839936009,7.8832917861677,5.96137992359365,FALSE
"gene_852",24.0145372468924,10,8.01885175099597,10,FALSE
"gene_853",117.438202003524,9.13326728375506,7.7520010372604,8.42504299362431,FALSE
"gene_854",9.6275117781259,6.49831923983074,7.90393657255654,7.32390518659549,FALSE
"gene_855",44.9402055504961,6.68724615697486,7.928323940978,7.31865857218323,FALSE
"gene_856",67.0910222494894,7.00732543698911,7.85330192811359,7.43710458269306,FALSE
"gene_857",63.9861311857411,8.36435704931445,7.86360422972741,8.10883770588435,FALSE
"gene_858",20.8512218395722,10,8.0270721929852,9.59596069799112,FALSE
"gene_859",527.532827720449,9.63574606065852,6.72407668653807,9.63574606065852,TRUE
"gene_860",169.963422170378,6.30169963941598,7.7860057993083,7.17189144935003,FALSE
"gene_861",28.3291095557491,10,8.00081914666501,9.19893240665978,FALSE
"gene_862",20.6962528501054,10,8.02728122167024,9.0276283517118,FALSE
"gene_863",8.19762757925508,7.10149092161857,7.84685527304135,7.60557283419517,FALSE
"gene_864",31.7899774259754,3.89089960528265,7.98446393315036,5.69632786835362,FALSE
"gene_865",36.8744691125541,9.42132419910113,7.96079908623147,8.44238632967263,FALSE
"gene_866",8.9226091935499,10,7.87799789254902,10,TRUE
"gene_867",76.3810372472349,10,7.82492184793573,10,TRUE
"gene_868",134.145488638662,10,7.74513749413124,10,TRUE
"gene_869",34.5789504202818,9.3694659260631,7.97128675360653,8.55239260124885,FALSE
"gene_870",20.1805555574797,3.15694301860725,8.0278041209765,5.31206433056596,FALSE
"gene_871",9.53319360442184,10,7.90069037403841,10,TRUE
"gene_872",79.3165736552632,5.20968958982981,7.81683498486192,6.37399966206837,FALSE
"gene_873",107.325960383223,8.09883991057255,7.76231436704499,7.87659735535602,FALSE
"gene_874",26.5283642726047,10,8.00888885697054,9.57119790636354,FALSE
"gene_875",64.7850854324037,10,7.86092118883032,10,TRUE
"gene_876",19.5267248237597,10,8.02804440148685,9.70070884037917,FALSE
"gene_877",46.7772380569873,10,7.92203892225979,10,TRUE
"gene_878",169.687028500159,8.38079764461367,7.78559361920253,8.07578961752877,FALSE
"gene_879",78.5583963828849,6.75421142332292,7.81888071362583,7.29528717531155,FALSE
"gene_880",25.9982468661496,10,8.01114607795719,8.75554496976078,FALSE
"gene_881",37.7051349362845,5.23228873386994,7.95711800039859,6.44048560879104,FALSE
"gene_882",60.8798459006342,4.4204408527137,7.87420878905456,6.14391939416429,FALSE
"gene_883",110.757817081621,7.30830083467677,7.75830484508903,7.56917405602018,FALSE
"gene_884",14.4220617276214,10,8.00391126229664,9.69405326536165,FALSE
"gene_885",18.6476011587631,10,8.02749650843843,9.63978876768145,FALSE
"gene_886",237.246544452021,8.62798393578333,7.83538224505038,8.2230579498724,FALSE
"gene_887",14.9979904939415,10,8.00971309180688,9.54097238456262,FALSE
"gene_888",6.21925222400224,5.79793809456854,7.73075825080519,6.94244958689112,FALSE
"gene_889",145.86374643273,9.23108401764678,7.75300534045206,8.47106318024032,FALSE
"gene_890",57.1972279608924,9.05625423045255,7.88701251140098,8.37302485552772,FALSE
"gene_891",69.8976701993425,7.67573950492651,7.84431099883461,7.76158418559661,FALSE
"gene_892",78.1669158679469,7.6913788656738,7.81994877241945,7.75723725586975,FALSE
"gene_893",122.042377990238,7.3001481466314,7.74875458557013,7.52811717044204,FALSE
"gene_894",142.083363360889,6.77734895077488,7.74945382477115,7.21264233089923,FALSE
"gene_895",42.8350029570023,10,7.93605183665138,10,TRUE
"gene_896",45.6364216026979,10,7.92589143370306,10,TRUE
"gene_897",4.21465046291472,5.0398033287438,7.51588577373998,6.76274513116454,FALSE
"gene_898",49.5078823134203,10,7.91328449413244,10,TRUE
"gene_899",261.951594565754,7.93829076447502,7.81497285781127,7.87595449614163,FALSE
"gene_900",26.7037994203202,9.38837513894501,8.00812785095106,8.58337949000755,FALSE
"gene_901",21.732809032911,3.21639474423543,8.02547757052577,5.3447971683849,FALSE
"gene_902",63.9547111554678,10,7.86371016022604,10,TRUE
"gene_903",434.506523132862,10,7.18717433572194,10,TRUE
"gene_904",143.560283126045,7.67206249499559,7.75074686888165,7.71279595161647,FALSE
"gene_905",20.4611289529413,8.36443859979814,8.02755355470042,8.16742332348366,FALSE
"gene_906",62.5636481661885,10,7.86842929759067,10,TRUE
"gene_907",122.211320131933,8.21452858287966,7.74865183462991,7.94291051847203,FALSE
"gene_908",127.625607858801,4.7896169269919,7.74595070103571,5.95045534811918,FALSE
"gene_909",61.1145741764173,9.01445536636791,7.87339929330967,8.34822311776029,FALSE
"gene_910",39.8329170525835,10,7.94801407569916,10,TRUE
"gene_911",3.75430964712605,4.85887426243806,7.44114207884631,6.41222275989918,FALSE
"gene_912",157.584576795494,4.65878583658911,7.7677455890525,5.87367346038598,FALSE
"gene_913",299.700799052414,10,7.74127107751692,10,TRUE
"gene_914",38.766142396337,10,7.95251737530454,10,TRUE
"gene_915",121.109889232023,10,7.74934230856702,10,TRUE
"gene_916",242.650293466513,10,7.83286120529486,10,TRUE
"gene_917",129.982996240099,10,7.74515467475529,10,TRUE
"gene_918",42.3726536579763,10,7.93782317499661,10,TRUE
"gene_919",60.8759042679429,2.71430360584881,7.87422239183693,4.96911220112917,FALSE
"gene_920",11.5873181790619,10,7.95827609678732,10,TRUE
"gene_921",27.8469198990322,7.80917387496548,8.00302902145803,7.92107189520048,FALSE
"gene_922",416.398818098963,10,7.27520614857264,10,TRUE
"gene_923",175.278213013245,5.80681407289655,7.79384105516037,6.97190422970934,FALSE
"gene_924",566.195002196686,9.38695783271818,6.53418138577387,9.38695783271818,TRUE
"gene_925",89.4275242357951,8.63975180109682,7.79246610861573,8.14382600789063,FALSE
"gene_926",76.0419518929334,9.42049939702947,7.82588459719488,8.49013581329526,FALSE
"gene_927",27.2403352116422,5.26721759620483,8.00576254670115,7.09297332617892,FALSE
"gene_928",16.8410474713439,7.47979462664933,8.0223225122436,7.79555014734451,FALSE
"gene_929",20.9047212591187,10,8.02699476386503,9.66632785890015,FALSE
"gene_930",71.1573137267146,6.23606207151537,7.84038714972369,7.05072244380459,FALSE
"gene_931",376.024598436809,5.74111557418368,7.46271647973537,6.51157677388273,FALSE
"gene_932",167.158768428663,10,7.78181472856033,10,TRUE
"gene_933",46.3192594793062,10,7.9235655800907,10,TRUE
"gene_934",106.636372441334,7.27570408920606,7.76318544363019,7.49732595466022,FALSE
"gene_935",63.4466569612731,10,7.86542721443554,10,TRUE
"gene_936",4.58242648025857,10,7.56711287689569,10,TRUE
"gene_937",18.9042411936802,5.51335487741908,8.02776997817691,6.79496245969643,FALSE
"gene_938",255.725390621387,7.38133569833095,7.8222535298107,7.63454544233688,FALSE
"gene_939",71.5189975385214,10,7.8392739080677,10,TRUE
"gene_940",52.294138773155,10,7.90399464493497,10,TRUE
"gene_941",30.3105798034949,10,7.99151450405028,8.83881195542185,FALSE
"gene_942",64.1117943552243,4.11616511335468,7.86318087301632,5.58824352882418,FALSE
"gene_943",41.5211141924208,8.55359635915102,7.94115413502015,8.19506155055874,FALSE
"gene_944",13.6084814282264,10,7.99393806279849,9.14029928175728,FALSE
"gene_945",34.2542785169415,9.27237123972351,7.97280170705997,8.51356597813253,FALSE
"gene_946",37.2177635854235,10,7.95926969198239,10,TRUE
"gene_947",4.70148061344706,10,7.58230788832183,10,TRUE
"gene_948",60.0674337429992,10,7.8770185795528,10,TRUE
"gene_949",34.557507161159,10,7.97138660288631,9.90101970995128,FALSE
"gene_950",5.27836387152499,10,7.64770390736389,10,TRUE
"gene_951",88.704518494399,10,7.79402826135297,10,TRUE
"gene_952",50.5212863540136,10,7.90995669474558,10,TRUE
"gene_953",38.6382866661199,5.72624641999915,7.95306549020812,6.71953267993177,FALSE
"gene_954",30.2013387948688,10,7.99203349933696,10,FALSE
"gene_955",291.072220094152,7.32836479448125,7.76243210955348,7.55031697351074,FALSE
"gene_956",211.134955019633,3.07121313339511,7.83249377064663,4.69070378332421,FALSE
"gene_957",300.153540589906,10,7.74009346780726,10,TRUE
"gene_958",108.564295222664,10,7.76080545490212,10,TRUE
"gene_959",0.982344039574412,10,6.30722510848082,10,TRUE
"gene_960",67.9648910465729,10,7.85046738324821,10,TRUE
"gene_961",1.2788576042463,3.75684962520155,6.56677489725967,5.75762726457873,FALSE
"gene_962",8.7607499381507,4.62815837524923,7.87146326475798,6.29202486183872,FALSE
"gene_963",49.4366706272321,7.58209995887115,7.91351567765418,7.77457916404453,FALSE
"gene_964",35.1408735615512,6.66953533608944,7.96868135777869,7.32994378051664,FALSE
"gene_965",223.253608849245,9.27002964714126,7.83688334712892,8.53631634013149,FALSE
"gene_966",209.886649305511,4.07229404568226,7.83175510236432,5.53628243068283,FALSE
"gene_967",173.144854895174,5.66203714840302,7.79072172225227,6.60745803832947,FALSE
"gene_968",159.501789351577,5.40321498960322,7.77048888565377,6.45441487419786,FALSE
"gene_969",5.72966978652687,10,7.69072526123932,10,TRUE
"gene_970",310.364230389479,6.47613008295632,7.71180178614554,7.02810110396759,FALSE
"gene_971",366.438444333827,10,7.5045769476163,10,TRUE
"gene_972",159.002121467309,5.27954131965719,7.76976850867138,6.38359130371319,FALSE
"gene_973",202.575377381752,9.79435323237891,7.82641386003684,8.64843803761855,FALSE
"gene_974",252.496736888158,9.06470308100351,7.8254647818478,8.42964178299805,FALSE
"gene_975",254.124266068965,10,7.82389436953207,10,TRUE
"gene_976",11.6857246540161,8.18512035827912,7.96043162511295,8.05387060556469,FALSE
"gene_977",67.6595129509024,9.21687408751542,7.85145444057391,8.41993076845821,FALSE
"gene_978",107.551639564828,5.45801067333459,7.76203409528161,6.48488589218013,FALSE
"gene_979",73.3021111014755,6.61089371337722,7.83387588005549,7.15962821229384,FALSE
"gene_980",46.7990062437719,9.91742532023244,7.92196702427372,8.75474209382235,FALSE
"gene_981",100.444615538186,10,7.77201915493823,10,TRUE
"gene_982",8.61129941780571,10,7.86522286195574,10,TRUE
"gene_983",68.1348312073422,10,7.84991974669907,10,TRUE
"gene_984",4.83060717126316,10,7.59808925359173,10,TRUE
"gene_985",240.812679712606,3.99560358807817,7.83384079001604,5.6885595102226,FALSE
"gene_986",107.938808056994,8.70949389935502,7.76155876368775,8.22524168086024,FALSE
"gene_987",67.5162511812815,8.2630941823514,7.85191879919656,8.02328961565765,FALSE
"gene_988",230.343642712482,6.53246532360931,7.83702277514047,7.11391816262466,FALSE
"gene_989",178.465068374307,10,7.79840773969859,10,TRUE
"gene_990",130.502264531208,9.56234986684305,7.74504857133171,8.50227522439229,FALSE
"gene_991",151.83492584845,6.19240500259578,7.75997059903695,6.89100857099122,FALSE
"gene_992",160.012194446638,10,7.7712282586927,10,TRUE
"gene_993",120.004095881165,8.27637878530617,7.75008478339405,8.00686345326321,FALSE
"gene_994",154.186556159591,5.99672887422139,7.76305250625855,6.78792653278019,FALSE
"gene_995",39.0306054619999,5.04996470280273,7.9513892401895,6.34140003090449,FALSE
"gene_996",267.963038514999,10,7.80659599759178,10,TRUE
"gene_997",23.7083382779302,4.08629452612377,8.01990685212395,5.81806153320232,FALSE
"gene_998",76.0817534563083,5.71590273967638,7.82577128688742,6.93003604488321,FALSE
"gene_999",251.606897392206,10,7.82628176775513,10,TRUE
"gene_1000",13.8334529718974,5.03982316087496,7.99691708826299,6.54738109470759,FALSE
